"ONTOLOGY","ID","Description","pvalue_enr","pvalue_depl","p.adjust_enr","p.adjust_depl","GeneRatio_enr","GeneRatio_depl","geneID_enr","geneID_depl"
"BP","GO:0016358","dendrite development",6.0202849784002e-13,0.0135838277440029,6.30624851487421e-10,0.111614645455476,"44/601","23/654","Plk2/Shank1/Arhgap33/Map2/Itpka/Lrrk2/Syne1/Sipa1l1/Ctnnd2/Zmynd8/Ephb3/Met/Dab2ip/Sez6/Fezf2/Actr2/Zfp365/Cdkl5/Phactr1/Flrt1/Celsr2/Grin3a/Abi2/Ptn/Uba6/Sh3glb1/Arhgap44/Syngap1/App/Bcl11a/Git1/Baiap2/Map1a/Slitrk5/Lzts1/D130043K22Rik/Akap5/Strn/Nr3c1/Arc/Farp1/Prex1/Arf1/Shank2","Btbd3/Reln/Dock10/Trpc6/Dnm3/Dscam/Ephb1/Tiam1/Il1rap/Cux2/Camk2b/Mef2c/Fstl4/Map1b/Itsn1/Nrp1/Kndc1/Cux1/Ngfr/Apoe/Il1rapl1/Alk/Dact1"
"CC","GO:0043198","dendritic shaft",8.32484218241323e-12,0.652825693703508,5.15099610036819e-10,0.991247039937767,"20/606","3/659","Grm5/Homer1/Gria2/Gria3/Cnih3/Slc8a1/Map2/Zmynd8/Sez6/Jph4/Grk3/Syngap1/Baiap2/Cnih2/Hcn1/Map1a/Lzts1/Akap5/Prex1/Htr2a","Cacna1c/Inpp5j/Slc1a2"
"CC","GO:0044309","neuron spine",1.18434151920145e-10,0.0268547179553992,5.86249052004715e-09,0.128337283702645,"32/606","16/659","Grm5/Homer1/Gria2/Lrrc7/Shank1/Gria3/Arhgap33/Slc8a1/Shisa7/Itpka/Syne1/Sipa1l1/Grin2b/Atp2b1/Zmynd8/Myh10/Sez6/Pde4b/Abi2/Grk3/Nrgn/Arhgap44/Baiap2/Cnih2/Kcnn2/Lzts1/Akap5/Strn/Dlgap3/Nr3c1/Clstn1/Shank2","Rph3a/Dock10/Dnm3/Rgs10/Tiam1/Kcnj2/Grm1/Ptpro/Cald1/Itsn1/Oprm1/Slc8a3/Comt/Gria4/Slc1a2/Shisa6"
"CC","GO:0043197","dendritic spine",2.61815165885614e-10,0.0214734797132754,1.17816824648526e-08,0.109538874043001,"31/606","16/659","Grm5/Gria2/Lrrc7/Shank1/Gria3/Arhgap33/Slc8a1/Shisa7/Itpka/Syne1/Sipa1l1/Grin2b/Atp2b1/Zmynd8/Myh10/Sez6/Pde4b/Abi2/Grk3/Nrgn/Arhgap44/Baiap2/Cnih2/Kcnn2/Lzts1/Akap5/Strn/Dlgap3/Nr3c1/Clstn1/Shank2","Rph3a/Dock10/Dnm3/Rgs10/Tiam1/Kcnj2/Grm1/Ptpro/Cald1/Itsn1/Oprm1/Slc8a3/Comt/Gria4/Slc1a2/Shisa6"
"BP","GO:0106027","neuron projection organization",4.20546809458527e-09,0.0286096361629192,1.95787903514581e-06,0.173180458678063,"21/601","10/654","Homer1/Prnp/Shank1/Arhgap33/Itpka/Lrrk2/Sipa1l1/Grin2b/Ctnnd2/Zmynd8/Ephb3/Actr2/Zfp365/Abi2/Arhgap44/App/Baiap2/Map1a/Arc/Arf1/Shank2","Rph3a/Reln/Dock10/Dnm3/Ephb1/Tiam1/Cux2/Abcd2/Camk2b/Apoe"
"BP","GO:0099003","vesicle-mediated transport in synapse",5.64812183181298e-09,0.00583860967600859,2.36656304752964e-06,0.062461561929973,"33/601","21/654","Prkcb/Prkcg/Usp46/Cadps2/Ap2b1/Doc2b/Map2/Lrrk2/Syne1/Lin7a/Syt17/Adra2a/Sh3gl2/Unc13b/Syt4/Grin3a/Adra1a/Eps15/Git1/Ap3m2/Cnih2/Otof/Akap5/Syt9/Arc/Slc17a7/Clstn1/Vamp2/Htr2a/Pfn2/Arf1/Fcho2/Stx1a","Cplx2/Syt2/Rims3/Dnm3/Chrm2/Cplx1/Nrxn3/Ppfia2/Itsn1/Vamp1/Cyth1/Sept5/Syt6/Cadps/Prkca/Gsg1l/Cspg5/Prkce/Napa/Adcy1/Htr7"
"BP","GO:0097061","dendritic spine organization",3.03191781320635e-08,0.0412214054825734,8.4691570915564e-06,0.218064766824581,"19/601","9/654","Homer1/Prnp/Shank1/Arhgap33/Itpka/Lrrk2/Sipa1l1/Grin2b/Ctnnd2/Zmynd8/Ephb3/Actr2/Zfp365/Abi2/Arhgap44/Baiap2/Arc/Arf1/Shank2","Rph3a/Reln/Dock10/Dnm3/Ephb1/Tiam1/Cux2/Camk2b/Apoe"
"BP","GO:0050773","regulation of dendrite development",7.20302268046366e-08,0.0210120224993436,1.88629156444642e-05,0.143692976648992,"27/601","16/654","Plk2/Shank1/Arhgap33/Itpka/Lrrk2/Syne1/Sipa1l1/Zmynd8/Met/Dab2ip/Sez6/Actr2/Cdkl5/Abi2/Ptn/Sh3glb1/Arhgap44/Bcl11a/Baiap2/Lzts1/D130043K22Rik/Akap5/Nr3c1/Arc/Prex1/Arf1/Shank2","Reln/Trpc6/Dnm3/Tiam1/Il1rap/Cux2/Camk2b/Mef2c/Fstl4/Itsn1/Kndc1/Cux1/Ngfr/Apoe/Il1rapl1/Alk"
"BP","GO:0051668","localization within membrane",1.36074392309757e-07,0.105668182546206,3.16750946543267e-05,0.371903815117836,"26/601","13/654","Usp46/Ap2b1/Lrrc7/Anks1b/Cnih3/Nptx2/Shisa7/Syne1/Grin2b/Etv5/Ptn/Arhgap44/Syngap1/Eps15/Git1/Cnih2/Dlg2/Akap5/Arc/Snx27/Gsn/Clstn1/Grasp/Vamp2/Nptxr/Itga4","Reln/Dnm3/Cacng2/Cplx1/Cdh13/Lgi1/Gsg1l/Rilpl1/Lrrtm4/Cdh2/Apoe/Grik2/Shisa6"
"BP","GO:0060996","dendritic spine development",1.45548516128456e-07,0.018821120539573,3.20972780304331e-05,0.136563747608764,"21/601","12/654","Plk2/Shank1/Arhgap33/Itpka/Lrrk2/Sipa1l1/Ctnnd2/Zmynd8/Ephb3/Actr2/Zfp365/Cdkl5/Abi2/Uba6/Arhgap44/Git1/Baiap2/Nr3c1/Arc/Arf1/Shank2","Reln/Dock10/Dnm3/Ephb1/Tiam1/Cux2/Camk2b/Mef2c/Fstl4/Itsn1/Ngfr/Apoe"
"MF","GO:0035254","glutamate receptor binding",2.68082546879125e-07,0.0512222743835939,0.000190874773377937,0.23421160875684,"15/595","7/653","Homer1/Prnp/Lrrc7/Shank1/Shisa7/Grin2b/Homer2/Calm1/Calm2/Map1a/Dlg2/Akap5/ND2/Snx27/Shank2","Dnm3/Cacng2/Il1r1/Atp2b2/Necab2/Igsf11/Shisa6"
"BP","GO:0048813","dendrite morphogenesis",3.23705483130544e-07,0.0264100369358082,6.16511806507718e-05,0.165186945928456,"25/601","15/654","Shank1/Arhgap33/Itpka/Lrrk2/Syne1/Sipa1l1/Ctnnd2/Ephb3/Met/Actr2/Zfp365/Cdkl5/Phactr1/Celsr2/Abi2/Ptn/Sh3glb1/Arhgap44/Baiap2/Slitrk5/Lzts1/Akap5/Arc/Farp1/Shank2","Btbd3/Reln/Dock10/Trpc6/Dnm3/Dscam/Ephb1/Tiam1/Cux2/Camk2b/Nrp1/Kndc1/Cux1/Il1rapl1/Dact1"
"BP","GO:0099175","regulation of postsynapse organization",5.66462823714774e-07,0.00734567560328404,9.1287662744804e-05,0.0729631689084067,"20/601","13/654","Homer1/Gap43/Prnp/Arhgap33/Shisa7/Itpka/Lrrk2/Sipa1l1/Grin2b/Zmynd8/Actr2/Cdkl5/Dgkb/Abi2/Ptn/Arhgap44/Baiap2/Arc/Snx27/Nptxr","Reln/Nrp2/Dnm3/Tiam1/Il1rap/Cux2/Camk2b/Wnt5a/Epha7/Cdh2/Apoe/Il1rapl1/Shisa6"
"BP","GO:0072657","protein localization to membrane",6.90650744656183e-07,0.112757828914423,0.000107178763707756,0.387700347309577,"48/601","31/654","Rab8b/Prnp/Rab3c/Lrrc7/Myadm/Ar/Cnih3/Nptx2/Shisa7/Grin2b/Pik3r1/Zmynd8/Lin7a/Arl6ip1/Etv5/Lrp1/Zdhhc2/Exoc5/Ptn/Rapgef6/Cpe/Sh3glb1/Arhgap44/Syngap1/Git1/Dlg2/Cacnb1/Nfasc/Tspan14/Ttc7b/Akap5/Tub/Vamp8/Fam126a/Kcnb1/Hspa5/Snx27/Gsn/Clstn1/Grasp/S100a10/Vamp2/Nptxr/Zdhhc20/Reep1/Fcho2/Stx1a/Itga4","Reln/Cacng2/Camk2g/Ehd3/Tiam1/Capn3/Cplx1/Dchs1/Camk2b/Efr3b/Rab3b/Cemip/Lin7c/Egfr/Nkd2/Gas6/Lgi1/Nectin3/Rilpl1/Lrrtm4/Necab2/Pard3/Cdh2/Rdx/Lypd1/Apoe/Epha3/Jup/Grik2/Frmpd1/Shisa6"
"CC","GO:0099092","postsynaptic density, intracellular component",7.73026990021661e-07,0.798874801653335,2.01393873716169e-05,0.99999995667437,"10/606","1/659","Bcr/Anks1b/Nos1/Cdkl5/Syngap1/Baiap2/Akap5/Dlgap1/Tanc2/Nr3c1","Abr"
"BP","GO:0051058","negative regulation of small GTPase mediated signal transduction",1.99319970416858e-06,1,0.000238614478870467,1,"13/601",NA,"Ripor2/Met/Arhgap12/Dab2ip/Ripor1/Rasal1/Arhgap44/Syngap1/Adra1a/Dgkz/Git1/Timp2/Kctd10",NA
"MF","GO:0005516","calmodulin binding",2.15295122458985e-06,0.024107871953884,0.000766450635953985,0.152317918254085,"22/595","14/653","Pde1a/Gap43/Slc8a1/Map2/Itpka/Atp2b1/Pik3r1/Nos1/Myh10/Camkv/Unc13b/Nrgn/Myh9/Camkk2/Kcnn2/Iqgap2/Akap5/Strn/Kcnq2/Vamp2/Myh7/Tjp1","Rasgrf2/Pde1b/Epb41/Camk2g/Atp2b2/Camk2b/Cacna1c/Egfr/Esrrg/Kcnh5/Slc8a3/Ngfr/Kcnq5/Adcy1"
"BP","GO:0060997","dendritic spine morphogenesis",2.39227148801965e-06,0.0564046958837829,0.000270908582021685,0.267597250943699,"14/601","7/654","Shank1/Arhgap33/Itpka/Lrrk2/Sipa1l1/Ctnnd2/Ephb3/Actr2/Zfp365/Abi2/Arhgap44/Baiap2/Arc/Shank2","Reln/Dock10/Dnm3/Ephb1/Tiam1/Cux2/Camk2b"
"CC","GO:0030426","growth cone",3.08707573456722e-06,0.108692271639868,6.94592040277625e-05,0.337988296743151,"25/606","14/659","Gria2/Nptx2/Map2/Lrrk2/L1cam/Tmod2/Myh10/Lmtk2/Lrp1/Cdkl5/Gpm6a/Calm1/App/Cbl/Calm2/Timp2/Eno2/Fscn1/Nin/Prex1/Nptxr/Lrig2/Shank2/Adgrl1/Itga4","Dscam/Tiam1/Map1b/Inpp5j/Olfm1/Nrp1/Cnr1/Rufy3/Pard3/Tshz3/Cxcr4/Fkbp4/Pcdh9/Orai2"
"BP","GO:0046580","negative regulation of Ras protein signal transduction",3.56192180325138e-06,1,0.000374912893114052,1,"12/601",NA,"Ripor2/Met/Dab2ip/Ripor1/Rasal1/Arhgap44/Syngap1/Adra1a/Dgkz/Git1/Timp2/Kctd10",NA
"BP","GO:0060998","regulation of dendritic spine development",3.57912069798618e-06,0.0157076562751671,0.000374912893114052,0.119984001650219,"16/601","10/654","Plk2/Shank1/Arhgap33/Itpka/Lrrk2/Sipa1l1/Zmynd8/Actr2/Cdkl5/Abi2/Arhgap44/Baiap2/Nr3c1/Arc/Arf1/Shank2","Reln/Dnm3/Tiam1/Cux2/Camk2b/Mef2c/Fstl4/Itsn1/Ngfr/Apoe"
"CC","GO:0030427","site of polarized growth",3.72552970663316e-06,0.115479642550983,7.37654881913366e-05,0.35424160620369,"25/606","14/659","Gria2/Nptx2/Map2/Lrrk2/L1cam/Tmod2/Myh10/Lmtk2/Lrp1/Cdkl5/Gpm6a/Calm1/App/Cbl/Calm2/Timp2/Eno2/Fscn1/Nin/Prex1/Nptxr/Lrig2/Shank2/Adgrl1/Itga4","Dscam/Tiam1/Map1b/Inpp5j/Olfm1/Nrp1/Cnr1/Rufy3/Pard3/Tshz3/Cxcr4/Fkbp4/Pcdh9/Orai2"
"CC","GO:0099091","postsynaptic specialization, intracellular component",4.71877790195368e-06,0.5625632789187,8.86413349163153e-05,0.915760940630073,"10/606","2/659","Bcr/Anks1b/Nos1/Cdkl5/Syngap1/Baiap2/Akap5/Dlgap1/Tanc2/Nr3c1","Abr/Yes1"
"BP","GO:0035418","protein localization to synapse",4.98695082462874e-06,0.604573432677301,0.000474893726254419,0.813900711352277,"15/601","4/654","Homer1/Lrrc7/Shank1/Cnih3/Nptx2/Arhgap44/Git1/Baiap2/Map1a/Dlg2/Dlgap1/Clstn1/Grasp/Vamp2/Nptxr","Reln/Cacng2/Cplx1/Lgi1"
"BP","GO:0048168","regulation of neuronal synaptic plasticity",5.33330889920856e-06,0.215275890882841,0.000496590317504086,0.538127472756297,"13/601","5/654","Grm5/Kit/Egr1/Shisa7/Grin2b/Unc13b/Slc4a10/Syt4/Syngap1/App/Kcnn2/Arc/Kdr","Camk2b/Grik1/Ncdn/Grik2/Shisa6"
"BP","GO:0099072","regulation of postsynaptic membrane neurotransmitter receptor levels",6.4328022719293e-06,0.104656747732906,0.000561921567326422,0.369547764462108,"16/601","8/654","Usp46/Ap2b1/Lrrc7/Cnih3/Nptx2/Syne1/Arhgap44/Eps15/Git1/Dlg2/Akap5/Arc/Clstn1/Grasp/Vamp2/Nptxr","Dnm3/Cacng2/Cplx1/Erbin/Eps8/Lgi1/Gsg1l/Shisa6"
"BP","GO:0097484","dendrite extension",6.58422814760649e-06,0.303883273740995,0.000561921567326422,0.65583072268546,"10/601","3/654","Syt17/Sh3gl2/Wasf1/Syt4/Rasal1/Sh3glb1/Bcl11a/Cpne5/Smurf1/Rnf157","Tmem108/Syt2/Cxcr4"
"BP","GO:0045956","positive regulation of calcium ion-dependent exocytosis",8.14468791850132e-06,0.11994044740556,0.000669142007421971,0.399521893188861,"8/601","3/654","Doc2b/Cacna1g/Unc13b/Syt4/Syt9/Kcnb1/Arf1/Stx1a","Syt2/Cadps/Syt10"
"BP","GO:1990778","protein localization to cell periphery",9.61352099745076e-06,0.0750362942161211,0.000774627941909975,0.317947905492231,"33/601","22/654","Rab8b/Prnp/Rab3c/Lrrc7/Myadm/Ar/Cnih3/Nptx2/Gnai1/Pik3r1/Lin7a/Lrp1/Exoc5/Rapgef6/Arhgap44/Git1/Dlg2/Nfasc/Tspan14/Ttc7b/Akap5/Tub/Vamp8/Fam126a/Anln/Kcnb1/Snx27/Clstn1/Grasp/S100a10/Vamp2/Nptxr/Fcho2","Epb41/Cacng2/Camk2g/Ehd3/Cplx1/Dchs1/Camk2b/Efr3b/Rab3b/Lin7c/Egfr/Nkd2/Gas6/Lgi1/Nectin3/Rilpl1/Cdh2/Rdx/Lypd1/Nubp1/Epha3/Jup"
"CC","GO:0030017","sarcomere",1.02752080472152e-05,0.0692143829871414,0.00016407187043134,0.255474226635465,"19/606","11/659","Homer1/Slc8a1/Chl1/Syne1/Fkbp1a/Grin2b/Nos1/Tmod2/Pde4b/Ppp1r12a/Synm/Grk3/Adra1a/Pdlim7/Kcnn2/Myh7/Arf1/Hdac4/Synpo2","Capn3/Scn1a/Mef2c/Jph1/Cacna1c/Tmod1/Nebl/Fbxo32/Pygm/Jup/Mybpc1"
"BP","GO:0007612","learning",1.05363463225843e-05,0.16514785761294,0.000809650394886183,0.481300769118764,"21/601","11/654","Grm5/Kit/Shank1/Cntnap2/Nptx2/Meis2/Grin2b/Ctnnd2/Rin1/Sorcs3/Cacna1e/Hrh3/Tnr/Jph4/Ptn/Uba6/Syngap1/App/Map1a/Npas4/Shank2","Slc6a1/Reln/Tafa2/Pde1b/Jun/Tac1/Cacna1c/Ndrg4/Slc8a3/Glp1r/Comt"
"BP","GO:1904646","cellular response to amyloid-beta",1.14906516444347e-05,0.365066791722943,0.000846276408409318,0.725433873023705,"8/601","2/654","Grm5/Prnp/Cacna2d1/Lrp1/Cd36/App/Cacnb1/Itga4","Igf1/Ngfr"
"BP","GO:0007187","G protein-coupled receptor signaling pathway, coupled to cyclic nucleotide second messenger",1.17145660352602e-05,0.0147859646971214,0.000846276408409318,0.116677015904167,"20/601","14/654","Gpr161/Gnai1/Npr3/Adgrl3/Nos1/Htr5b/Adra2a/Chrm4/Hrh3/Htr2c/Pde4b/Sstr4/Chrm5/Gpr26/Adra1a/Adgrl2/Akap5/Htr2a/Adgrl1/Gnaz","Prkacb/Glp2r/Chrm2/Vip/Npy2r/Oprm1/Cnr1/Akap12/Glp1r/Adcy1/Adcyap1/Chrm3/Htr7/Calcrl"
"CC","GO:0043194","axon initial segment",2.01762783921958e-05,0.266888129842446,0.000312101806379278,0.634383303395133,"7/606","2/659","Lrrc7/Map2/Nav1/Map1a/Nfasc/Kcnq2/Scn2a","Scn1a/Bcan"
"BP","GO:1903307","positive regulation of regulated secretory pathway",2.16210761177902e-05,0.374413960173325,0.00139372782974678,0.737694231594279,"10/601","3/654","Doc2b/Cacna1g/Unc13b/Syt4/Syt9/Vamp8/Gab2/Kcnb1/Arf1/Stx1a","Syt2/Cadps/Syt10"
"BP","GO:0032386","regulation of intracellular transport",2.57432002920842e-05,0.0140260937027066,0.00163430317005808,0.11321621687438,"36/601","29/654","Prkcb/Prkcg/Prnp/Map2/Lrrk2/Sorl1/Pik3r1/Adra2a/Unc13b/Ripor1/Cd36/Ppp1r12a/Syt4/Grin3a/Uhmk1/Sh3glb1/Dnajc13/Arhgap44/Adra1a/Git1/Cnih2/Akap5/Syt9/Dync1h1/Vamp8/Gab2/Kcnb1/Grasp/Vamp2/Ice1/Htr2a/Ptpn14/Pfn2/Arf1/Reep1/Stx1a","Cplx2/Syt2/Rims3/Chrm2/Cplx1/Nrxn3/Pkia/Ppfia2/Mapk3/Map1b/Cemip/Ehd1/Vamp1/Inpp4b/Ndrg4/Cyth1/Sept5/Gas6/Prkd1/Prkca/Shh/Rufy3/Cspg5/Prkce/Napa/Rdx/Adcy1/Jup/Htr7"
"BP","GO:0051650","establishment of vesicle localization",2.91210735076973e-05,0.0140211801614552,0.00174169527076875,0.11321621687438,"26/601","20/654","Prkcb/Prkcg/Rasgrp1/Cadps2/Doc2b/Map2/Lrrk2/Lin7a/Syt17/Adra2a/Unc13b/Syt4/Grin3a/Adra1a/Git1/Ap3m2/Cnih2/Otof/Syt9/Dync1h1/Vamp2/Htr2a/Pfn2/Arf1/Stx1a/Itga4","Cplx2/Syt2/Rims3/Dnm3/Chrm2/Cplx1/Nrxn3/Ppfia2/Shroom2/Vamp1/Cyth1/Sept5/Cadps/Prkca/Cspg5/Prkce/Napa/Adcy1/Sybu/Htr7"
"BP","GO:1903859","regulation of dendrite extension",2.91595117643358e-05,0.419780073281752,0.00174169527076875,0.746766062894167,"8/601","2/654","Syt17/Syt4/Rasal1/Sh3glb1/Bcl11a/Cpne5/Smurf1/Rnf157","Syt2/Cxcr4"
"CC","GO:0044449","contractile fiber part",3.59783708887428e-05,0.0595512214885545,0.000481332259187235,0.235097865702641,"19/606","12/659","Homer1/Slc8a1/Chl1/Syne1/Fkbp1a/Grin2b/Nos1/Tmod2/Pde4b/Ppp1r12a/Synm/Grk3/Adra1a/Pdlim7/Kcnn2/Myh7/Arf1/Hdac4/Synpo2","Npnt/Capn3/Scn1a/Mef2c/Jph1/Cacna1c/Tmod1/Nebl/Fbxo32/Pygm/Jup/Mybpc1"
"BP","GO:0046578","regulation of Ras protein signal transduction",3.68233164195702e-05,0.00464993679235035,0.00205719594397332,0.0520648363122752,"23/601","19/654","Psd3/Arhgef28/Rasgrp1/Bcr/Ripor2/Prag1/Met/Dab2ip/Rasgef1a/Ripor1/Rasal1/Arhgap44/Syngap1/Adra1a/Dgkz/Cbl/Git1/Timp2/Arhgdia/Arpp19/Farp1/Prex1/Kctd10","Rasgrf2/Tiam1/Igf1/Spata13/Arhgef4/Itsn1/Eps8/Abr/Ngf/Nrp1/Cyth1/Vav3/Arhgef10l/Ngfr/Cdh2/Psd2/Apoe/Fgd5/Net1"
"CC","GO:0098858","actin-based cell projection",3.77917464650786e-05,0.393975603557238,0.00049228722368984,0.827333915545658,"20/606","9/659","Gap43/Lrrc7/Nptx2/Map2/Lrrk2/Ripor2/Pls3/Crb1/Homer2/Zswim6/Gpm6a/Abi2/App/Iqgap2/Nfasc/Akap5/Dync1h1/Fscn1/Nptxr/Mttp","Calb2/Pvalb/Ephb1/Spata13/Eps8/Car2/Rufy3/Strc/Rdx"
"BP","GO:1903522","regulation of blood circulation",3.9713120891624e-05,0.0252116546896295,0.00218944705968296,0.16050909255654,"21/601","15/654","Slc8a1/Atp2b1/Pik3r1/Nos1/Cacna2d1/Cacna1g/Cacna1e/Htr2c/Pde4b/Cx3cl1/Tnni3k/Gpd1l/Adra1a/Kcnn2/Per2/Bmpr2/Akap6/Thra/Htr2a/Myh7/Hdac4","Ehd3/Chrm2/Pde5a/Kcnj2/Tac1/Cacna1c/Egfr/Kcnh2/Prkca/Dsp/Glp1r/Cacna2d2/Kcnd3/Jup/Chrm3"
"MF","GO:0044325","ion channel binding",4.0444148526676e-05,0.0879280768018069,0.00256911627599829,0.323292209862866,"17/595","10/653","Homer1/Prnp/Cntnap2/Slc8a1/Lrrk2/Fkbp1a/Nos1/Pde4b/Calm1/Gpd1l/Calm2/Kcnb1/Akap6/S100a10/Vamp2/Diaph1/Stx1a","Kcnc1/Rims3/Kcnc2/Cacna1c/Kcng4/Lrrc55/Kcnip1/Kcnh5/Yes1/Kcnd3"
"CC","GO:0030016","myofibril",4.3658866532429e-05,0.118618898933554,0.000554131767526983,0.355274753475186,"19/606","11/659","Homer1/Slc8a1/Chl1/Syne1/Fkbp1a/Grin2b/Nos1/Tmod2/Pde4b/Ppp1r12a/Synm/Grk3/Adra1a/Pdlim7/Kcnn2/Myh7/Arf1/Hdac4/Synpo2","Capn3/Scn1a/Mef2c/Jph1/Cacna1c/Tmod1/Nebl/Fbxo32/Pygm/Jup/Mybpc1"
"MF","GO:0008227","G protein-coupled amine receptor activity",5.05163312696292e-05,0.197119866856451,0.00256911627599829,0.520906112035109,"8/595","3/653","Htr5b/Adra2a/Chrm4/Hrh3/Htr2c/Chrm5/Adra1a/Htr2a","Chrm2/Chrm3/Htr7"
"BP","GO:1904645","response to amyloid-beta",5.0548158804282e-05,0.454892153208117,0.00275060760246677,0.75222272548752,"8/601","2/654","Grm5/Prnp/Cacna2d1/Lrp1/Cd36/App/Cacnb1/Itga4","Igf1/Ngfr"
"CC","GO:0030018","Z disc",5.32874594438722e-05,0.0646540374503376,0.000659432310617919,0.248753669512316,"15/606","9/659","Homer1/Slc8a1/Fkbp1a/Grin2b/Nos1/Pde4b/Ppp1r12a/Synm/Grk3/Adra1a/Pdlim7/Kcnn2/Myh7/Hdac4/Synpo2","Capn3/Scn1a/Jph1/Cacna1c/Nebl/Fbxo32/Pygm/Jup/Mybpc1"
"BP","GO:0007188","adenylate cyclase-modulating G protein-coupled receptor signaling pathway",5.51928316426777e-05,0.0086663412093317,0.0029453103642874,0.0828670944839195,"18/601","14/654","Gpr161/Gnai1/Npr3/Adgrl3/Nos1/Htr5b/Adra2a/Chrm4/Hrh3/Pde4b/Sstr4/Chrm5/Gpr26/Adra1a/Adgrl2/Akap5/Adgrl1/Gnaz","Prkacb/Glp2r/Chrm2/Vip/Npy2r/Oprm1/Cnr1/Akap12/Glp1r/Adcy1/Adcyap1/Chrm3/Htr7/Calcrl"
"CC","GO:0098685","Schaffer collateral - CA1 synapse",5.57452373291059e-05,0.0557341173640276,0.000673021767753839,0.226070479746031,"16/606","10/659","Grm5/Gria2/Bcr/Itpr1/Shank1/Anks1b/Prkar1b/L1cam/Sh3gl2/Tnr/Dgkb/Dgkz/Baiap2/Grasp/Pfn2/Rnf216","Cacng2/Cplx1/Grm1/Abr/Gsg1l/Pcdh8/Akap12/Epha7/Tubb2b/Adcy1"
"BP","GO:0007265","Ras protein signal transduction",5.60539683650782e-05,0.0139791227662055,0.0029453103642874,0.11321621687438,"34/601","28/654","Psd3/Rab8b/Arhgef28/Rasgrp1/Plk2/Bcr/Rab3c/Ksr1/Ripor2/Prag1/Met/Dab2ip/Rab9b/Rasgef1a/Wasf1/Ripor1/Abi2/Rap2b/Rasal1/Arhgap44/Syngap1/Adra1a/Dgkz/Cbl/Git1/Timp2/Baiap2/Arhgap32/Arhgdia/Arpp19/Farp1/Prex1/Kctd10/Mras","Rasgrf2/Jun/Tiam1/Igf1/Spata13/Cdc42ep4/Cdh13/Arhgef4/Rab3b/Itsn1/Eps8/Abr/Ngf/Nrp1/Rab30/Vangl2/Cyth1/Vav3/Prkd1/Rerg/Arhgef10l/Ngfr/Rnd2/Cdh2/Psd2/Apoe/Fgd5/Net1"
"BP","GO:0030201","heparan sulfate proteoglycan metabolic process",6.53699851565967e-05,0.0700830240220233,0.00330000286513422,0.301992851269377,"8/601","4/654","Xylt1/Ndst3/Hs6st3/Ndst4/Hs3st2/Sulf1/Hs6st2/Ext1","Extl2/Vangl2/Hs3st4/Hs3st1"
"BP","GO:1900006","positive regulation of dendrite development",7.35866973900934e-05,0.0342274981187049,0.00362739131840578,0.194479719425421,"15/601","10/654","Shank1/Itpka/Zmynd8/Met/Dab2ip/Sez6/Actr2/Cdkl5/Ptn/Sh3glb1/Baiap2/Akap5/Nr3c1/Arf1/Shank2","Reln/Tiam1/Il1rap/Cux2/Camk2b/Itsn1/Cux1/Apoe/Il1rapl1/Alk"
"CC","GO:0031674","I band",7.55386244180646e-05,0.074939999059519,0.000869572536905627,0.26703823883555,"15/606","9/659","Homer1/Slc8a1/Fkbp1a/Grin2b/Nos1/Pde4b/Ppp1r12a/Synm/Grk3/Adra1a/Pdlim7/Kcnn2/Myh7/Hdac4/Synpo2","Capn3/Scn1a/Jph1/Cacna1c/Nebl/Fbxo32/Pygm/Jup/Mybpc1"
"MF","GO:0035256","G protein-coupled glutamate receptor binding",7.96379021455291e-05,0.106124454742412,0.00378014575517445,0.346274629323833,"5/595","2/653","Homer1/Prnp/Homer2/Calm1/Calm2","Dnm3/Necab2"
"BP","GO:0006897","endocytosis",8.9773103876764e-05,0.1580174564982,0.00432355523268553,0.468095577097477,"42/601","30/654","Prkcg/Gria2/Usp46/Ap2b1/Bcr/Lrrk2/Syne1/Sorl1/Rin1/Syt17/Met/Tyro3/Arhgap12/Neurl1b/Snph/Sh3gl2/Icam5/Sirpa/Wasf1/Grem1/Lrp1/Cd36/Syt4/Esyt2/Grk3/Siglech/Myh9/Dnajc13/App/Eps15/Cbl/Sh3bp4/Akap5/Tub/Vamp8/Arc/Slc17a7/Gsn/Arf1/Fcho2/Stx1a/Itga4","Tmem108/Syt2/Dnm3/Ntf3/Cacng2/Cdh13/Mapk3/Steap2/Ehd1/Itsn1/Abr/Egfr/Ano6/Wnt5a/Gas6/Prkca/Gsg1l/Pacsin2/Shh/Carmil1/Necab2/Cap1/Wipf3/Pard3/Apoe/Scamp1/Plcg2/Epha3/Anxa11/Calcrl"
"BP","GO:0051648","vesicle localization",9.70910700326653e-05,0.0151424733376549,0.004521068082418,0.119209052395892,"26/601","21/654","Prkcb/Prkcg/Rasgrp1/Cadps2/Doc2b/Map2/Lrrk2/Lin7a/Syt17/Adra2a/Unc13b/Syt4/Grin3a/Adra1a/Git1/Ap3m2/Cnih2/Otof/Syt9/Dync1h1/Vamp2/Htr2a/Pfn2/Arf1/Stx1a/Itga4","Cplx2/Syt2/Rims3/Dnm3/Chrm2/Cplx1/Nrxn3/Ppfia2/Shroom2/Vamp1/Cyth1/Sept5/Cadps/Prkca/Cspg5/Prkce/Napa/Cdh2/Adcy1/Sybu/Htr7"
"BP","GO:0050805","negative regulation of synaptic transmission",9.81902614558563e-05,0.292586982068803,0.004521068082418,0.640284018481704,"12/601","5/654","Plk2/Gnai1/Lrrk2/Syne1/Sorcs3/Tnr/Syt4/Arc/Kcnb1/Htr2a/Arf1/Shank2","Slc6a1/Npy2r/Grik1/Mgll/Grik2"
"BP","GO:0097120","receptor localization to synapse",9.81902614558563e-05,0.292586982068803,0.004521068082418,0.640284018481704,"12/601","5/654","Lrrc7/Anks1b/Cnih3/Nptx2/Arhgap44/Git1/Cnih2/Dlg2/Clstn1/Grasp/Vamp2/Nptxr","Reln/Cacng2/Cplx1/Lgi1/Shisa6"
"BP","GO:0010817","regulation of hormone levels",0.000102505307336945,0.0201630158063708,0.00456911955044469,0.140280787982917,"34/601","28/654","Rab8b/Inhbb/Doc2b/Egr1/Pex5l/Nnat/Bmp2/Dio3/Nos1/Cacna1e/Adra2a/Ccn3/Htr2c/Clcn2/Lrp1/Pcsk1/Cpe/Slc16a1/Per2/Bmpr1b/Ptprn/Syt9/Stxbp3/Vamp8/Nr3c1/Slc16a2/Crym/Aldh1a3/Kcnb1/Chst8/Vamp2/Midn/Irs2/Stx1a","Reln/Rfx3/Crhbp/Tiam1/Vip/Cplx1/Igf1/Tac1/Cacna1c/Itsn1/Stc2/Egfr/Gpr68/Slc16a10/Pcsk5/Cnr1/Shh/Fgfr1/Ece2/Neurod1/Glp1r/Prkce/Comt/Sybu/Mcu/Adcyap1/Stat5b/Abat"
"CC","GO:0030175","filopodium",0.000105685925077988,0.607283487939367,0.00113727245464356,0.947445716578944,"13/606","4/659","Gap43/Lrrc7/Nptx2/Map2/Ripor2/Gpm6a/Abi2/App/Iqgap2/Akap5/Dync1h1/Fscn1/Nptxr","Ephb1/Spata13/Rufy3/Rdx"
"BP","GO:0099563","modification of synaptic structure",0.000105925470075465,0.234114250864979,0.00467187073280211,0.562134329021355,"8/601","3/654","Cttnbp2/Myh10/Camkv/Wasf1/Arhgap44/Baiap2/Dlgap3/Pfn2","Tiam1/Itsn1/Filip1"
"MF","GO:0035255","ionotropic glutamate receptor binding",0.000110715678459828,0.166538723392906,0.00437942017018875,0.461133118558048,"9/595","4/653","Lrrc7/Shank1/Shisa7/Grin2b/Map1a/Dlg2/ND2/Snx27/Shank2","Cacng2/Il1r1/Igsf11/Shisa6"
"BP","GO:0044089","positive regulation of cellular component biogenesis",0.000115744937733807,0.18700769177748,0.00499970401138818,0.510257098397895,"40/601","28/654","Kit/Ripor2/Adgrl3/Zmynd8/Ephb3/Met/Unc13b/Actr2/Wasf1/Cd36/Gda/Gpm6a/Flrt1/Cx3cl1/Abi2/Sh3glb1/Adgrl2/Baiap2/Iqgap2/Slitrk5/Dzip1/Sub1/Tppp/Dync1h1/Ppm1f/Fscn1/Anln/Ttbk1/Ldb2/Nin/Gsn/Clstn1/S100a10/Ice1/Kdr/Pfn2/Arf1/Hdac4/Adgrl1/Synpo2","Prox1/Lrtm2/Dnm3/Clstn2/Ephb1/Jun/Il1rap/Cux2/Cdc42ep4/Tac1/Dock11/Map1b/Amigo2/Eps8/Nrp1/Prkca/Dhx33/Lrrtm4/Pcsk5/Arhgef10l/Carmil1/Prkce/Thbs2/Il1rapl1/Cbln2/Amigo1/Fnip2/Tgfbr1"
"BP","GO:0048814","regulation of dendrite morphogenesis",0.000128254932516888,0.0938479139537245,0.00548355272699757,0.350315785943244,"15/601","9/654","Arhgap33/Itpka/Lrrk2/Syne1/Sipa1l1/Met/Actr2/Cdkl5/Abi2/Sh3glb1/Arhgap44/Baiap2/Lzts1/Akap5/Arc","Reln/Trpc6/Dnm3/Tiam1/Cux2/Camk2b/Kndc1/Cux1/Il1rapl1"
"CC","GO:0043292","contractile fiber",0.000128545451993587,0.0557706910386684,0.00129857140279236,0.226070479746031,"19/606","13/659","Homer1/Slc8a1/Chl1/Syne1/Fkbp1a/Grin2b/Nos1/Tmod2/Pde4b/Ppp1r12a/Synm/Grk3/Adra1a/Pdlim7/Kcnn2/Myh7/Arf1/Hdac4/Synpo2","Npnt/Capn3/Scn1a/Mef2c/Jph1/Cacna1c/Tmod1/Nebl/Fbxo32/Dek/Pygm/Jup/Mybpc1"
"MF","GO:0019903","protein phosphatase binding",0.000128718729356407,0.753513821024567,0.00450375355639416,0.959143050571564,"18/595","6/653","Itpr1/Pik3r1/Met/Dab2ip/Cpd/Sirpa/Phactr1/Grin3a/Dlg2/Akap5/Tbk1/Strn/Gab2/Akap6/Nptxr/Jak1/Irs2/Mtmr4","Foxo1/Cacna1c/Egfr/Pard3/Cdh2/Jup"
"MF","GO:0034483","heparan sulfate sulfotransferase activity",0.000131288719458902,0.123186850570821,0.00450375355639416,0.377157978619914,"5/595","2/653","Ndst3/Hs6st3/Ndst4/Hs3st2/Hs6st2","Hs3st4/Hs3st1"
"MF","GO:0043548","phosphatidylinositol 3-kinase binding",0.000132835427927356,0.833117543897935,0.00450375355639416,0.978970010314318,"8/595","1/653","Pik3r1/Met/Tyro3/Dab2ip/Calm1/Cbl/Calm2/Irs2","Flt3"
"BP","GO:0099010","modification of postsynaptic structure",0.000141068715757761,0.143285128602594,0.00579488155906879,0.44292026454685,"7/601","3/654","Cttnbp2/Myh10/Camkv/Wasf1/Arhgap44/Baiap2/Pfn2","Tiam1/Itsn1/Filip1"
"BP","GO:1903861","positive regulation of dendrite extension",0.000141068715757761,0.383548596982972,0.00579488155906879,0.737694231594279,"7/601","2/654","Syt17/Syt4/Rasal1/Sh3glb1/Cpne5/Smurf1/Rnf157","Syt2/Cxcr4"
"BP","GO:0006029","proteoglycan metabolic process",0.000163062368620033,0.0152657433923282,0.00656953196651865,0.119526345908773,"11/601","8/654","Xylt1/Ndst3/Bmp2/Hs6st3/Ndst4/Dcn/Hs3st2/Sulf1/Hs6st2/Chst8/Ext1","Ndnf/Spock3/Extl2/Igf1/Vangl2/Hs3st4/Acan/Hs3st1"
"BP","GO:1903539","protein localization to postsynaptic membrane",0.000169828603508988,0.521956804854386,0.00677696998764439,0.772541543879612,"10/601","3/654","Lrrc7/Cnih3/Nptx2/Arhgap44/Git1/Dlg2/Clstn1/Grasp/Vamp2/Nptxr","Cacng2/Cplx1/Lgi1"
"CC","GO:0060076","excitatory synapse",0.000178775992579091,0.087529300006529,0.00173517875150294,0.287958711615682,"12/606","7/659","Homer1/Cadps2/Shank1/Gria3/Shisa7/Grin2b/Met/Ntm/Pde4b/Baiap2/Akap5/Slc17a7","Calb2/Elfn1/Atp2b2/Slc17a8/Plcb4/Igsf11/Shisa6"
"MF","GO:0071889","14-3-3 protein binding",0.000182752370980048,0.758633481031394,0.00565737774512148,0.960383004220071,"7/595","1/653","Ksr1/Ripor2/Dab2ip/Ripor1/Ppp1r12a/Irs2/Synpo2","Prkce"
"BP","GO:0015012","heparan sulfate proteoglycan biosynthetic process",0.000182844553259835,0.0457435461717052,0.00722753469961045,0.232866438815206,"7/601","4/654","Xylt1/Ndst3/Hs6st3/Ndst4/Hs3st2/Hs6st2/Ext1","Extl2/Vangl2/Hs3st4/Hs3st1"
"BP","GO:1903729","regulation of plasma membrane organization",0.000205242778832209,0.492414510438418,0.00796265966024958,0.759805610180237,"5/601","1/654","Ar/Sh3gl2/Sh3glb1/Myh9/Gsn","Tmeff2"
"MF","GO:0017124","SH3 domain binding",0.000215034114917311,0.215602140719204,0.00588000166553957,0.542911187680603,"15/595","8/653","Shank1/Synj2/Cttnbp2/Dab2ip/Sirpa/Ccdc6/Inpp5d/Abi2/Syngap1/Eps15/Cbl/Khdrbs3/Akap5/Sh3bgrl2/Shank2","Cblb/Inpp5j/Cntnap1/Fut8/Afap1/Bcar1/Prkce/Wipf3"
"MF","GO:0003779","actin binding",0.00021941081781856,0.0229520918106924,0.00588000166553957,0.150487771777653,"31/595","26/653","Map2/Lrrk2/Syne1/Sipa1l1/Tmod2/Pls3/Myh10/Homer2/Actr2/Wasf1/Ssh2/Phactr1/Gas7/Klhl3/Myh9/Pdlim7/Iqgap2/Map1a/Myo16/Lasp1/Akap5/Fscn1/Arc/Anln/Gsn/Mical3/Myh7/Ssh3/Pfn2/Diaph1/Synpo2","Ncald/Trpc6/Epb41/Ablim3/Inf2/Scnn1a/Parva/Map1b/Cald1/Shroom2/Eps8/Egfr/Tmod1/Nebl/Parvg/Afap1/Mtss2/Fam107a/Cap1/Shroom3/Prkce/Wipf3/Rdx/Epb41l1/Cxcr4/Mybpc1"
"MF","GO:0004993","G protein-coupled serotonin receptor activity",0.000222977591249394,0.0797986608837652,0.00588000166553957,0.307020756666652,"6/595","3/653","Htr5b/Chrm4/Hrh3/Htr2c/Chrm5/Htr2a","Chrm2/Chrm3/Htr7"
"MF","GO:0099589","serotonin receptor activity",0.000222977591249394,0.0797986608837652,0.00588000166553957,0.307020756666652,"6/595","3/653","Htr5b/Chrm4/Hrh3/Htr2c/Chrm5/Htr2a","Chrm2/Chrm3/Htr7"
"BP","GO:0051656","establishment of organelle localization",0.000226608037217736,0.156958978319428,0.00871089610956251,0.465278946705465,"35/601","25/654","Prkcb/Prkcg/Kit/Rasgrp1/Cadps2/Doc2b/Map2/Lrrk2/Syne1/Lin7a/Syt17/Adra2a/Myh10/Unc13b/Actr2/Wasf1/Ripor1/Syt4/Grin3a/Myh9/Adra1a/Git1/Ap3m2/Cnih2/Otof/Syt9/Dync1h1/Vamp8/Gab2/Vamp2/Htr2a/Pfn2/Arf1/Stx1a/Itga4","Cplx2/Syt2/Rims3/Dnm3/Chrm2/Cplx1/Nrxn3/Ppfia2/Map1b/Shroom2/Eya1/Vamp1/Cyth1/Sept5/Slit1/Cadps/Prkca/Cspg5/Prkce/Pard3/Napa/Adcy1/Sybu/Actr10/Htr7"
"BP","GO:0030072","peptide hormone secretion",0.000235282685363873,0.0321320246188202,0.00888139145652818,0.185868841034085,"22/601","17/654","Rab8b/Inhbb/Doc2b/Pex5l/Nnat/Nos1/Cacna1e/Adra2a/Ccn3/Htr2c/Lrp1/Cpe/Slc16a1/Per2/Ptprn/Syt9/Stxbp3/Slc16a2/Kcnb1/Midn/Irs2/Stx1a","Rfx3/Crhbp/Tiam1/Cplx1/Cacna1c/Itsn1/Egfr/Gpr68/Slc16a10/Cnr1/Neurod1/Glp1r/Prkce/Sybu/Mcu/Adcyap1/Abat"
"BP","GO:0006941","striated muscle contraction",0.000237810368212382,0.0613044499131403,0.00889665573937394,0.279281919155116,"15/601","10/654","Homer1/Slc8a1/Nos1/Cacna2d1/Cacna1g/Met/Pde4b/Synm/Tnni3k/Gpd1l/Adra1a/Kcnn2/Akap6/Myh7/Hdac4","Ehd3/Pde5a/Scn1a/Kcnj2/Cacna1c/Kcnh2/Dsp/Slc8a3/Jup/Cxcr4"
"MF","GO:0005544","calcium-dependent phospholipid binding",0.000249602653057176,0.0105632594619998,0.0061281754819555,0.0924169735652671,"8/595","6/653","Cpne8/Doc2b/Cpne7/Syt17/Syt4/Esyt2/Syt9/Cpne5","Rph3a/Syt2/Cpne4/Syt6/Syt10/Anxa11"
"BP","GO:0051952","regulation of amine transport",0.00026346842998502,0.00576401814363122,0.00975958716741778,0.0618165916048986,"13/601","11/654","Prkcb/Grin2b/Syt17/Arl6ip1/Hrh3/Htr2c/Syt4/Per2/Syt9/Nr3c1/Kcnb1/Htr2a/Stx1a","Slc6a1/Syt2/Vip/Npy2r/Rab3b/Grik1/Syt6/Cnr1/Syt10/Cxcl12/Abat"
"BP","GO:1903725","regulation of phospholipid metabolic process",0.000270193821341399,0.949125654664191,0.00975958716741778,0.990450425501229,"10/601","1/654","Pik3r1/Dab2ip/Htr2c/Chrm5/Sh3glb1/Dgkz/Htr2a/Arf1/Mtmr4/Mtmr1","Vav3"
"BP","GO:0007528","neuromuscular junction development",0.000274918879837397,0.429841258979133,0.00984538552580081,0.746766062894167,"9/601","3/654","Shank1/Lrrk2/Etv5/Unc13b/Ptn/App/Cacnb1/Col4a1/Shank2","Cacng2/Pdzrn3/Cacna2d2"
"MF","GO:0001664","G protein-coupled receptor binding",0.000281666009517364,0.317325464825129,0.00668487329254544,0.676506742495291,"20/595","11/653","Grm5/Homer1/Prnp/Shank1/Gnai1/Grin2b/Adra2a/Homer2/Magi3/Rspo2/Cx3cl1/Grk3/Calm1/Calm2/Rpgrip1l/Akap5/Tub/Jak1/Gnaz/Reep1","Npy/Dnm3/Pdyn/Tac1/Wnt5a/Pnoc/Bambi/Necab2/Cxcl12/Adcyap1/Cthrc1"
"CC","GO:0008021","synaptic vesicle",0.000297051664133993,0.0193879059363483,0.00267346497720594,0.101173670058645,"22/606","18/659","Rab8b/Gria2/Rab3c/Gabra2/Mal2/Lrrk2/Sv2b/Grin2b/Cttnbp2/Sh3gl2/Unc13b/Pde4b/Sh3glb1/Calm1/App/Calm2/Sept6/Otof/Syt9/Slc17a7/Vamp2/Stx1a","Synpr/Gad2/Rph3a/Slc32a1/Sv2c/Syt2/Ntf3/Pdyn/Mme/Rab3b/Slc17a8/Ngf/Sept5/Lgi3/Shh/Slc30a3/Scamp1/Htr7"
"MF","GO:0032947","protein-containing complex scaffold activity",0.000299943074677309,0.668887091232809,0.00688901513452399,0.897445035534367,"6/595","1/653","Sh3rf1/Shank1/Lrrk2/Ksr1/Homer2/Shank2","Akap12"
"BP","GO:0015837","amine transport",0.000328690912989559,0.00679938309697615,0.0113781361407117,0.0699688898693593,"13/601","11/654","Prkcb/Grin2b/Syt17/Arl6ip1/Hrh3/Htr2c/Syt4/Per2/Syt9/Nr3c1/Kcnb1/Htr2a/Stx1a","Slc6a1/Syt2/Vip/Npy2r/Rab3b/Grik1/Syt6/Cnr1/Syt10/Cxcl12/Abat"
"BP","GO:0019935","cyclic-nucleotide-mediated signaling",0.000331296565433609,0.0132013056460441,0.0113781361407117,0.109934572258579,"17/601","14/654","Gpr161/Gnai1/Pex5l/Ksr1/Adgrl3/Prkar1b/Nos1/Pde11a/Adra2a/Htr2c/Cd36/Pde4b/Sstr4/Gpr26/Adra1a/Adgrl2/Adgrl1","Kcnc2/Pde3a/Adcyap1r1/Vip/Npy2r/Oprm1/Gpr61/Glp1r/Apoe/Adcy1/Adcyap1/Npr1/Htr7/Calcrl"
"CC","GO:0030672","synaptic vesicle membrane",0.000335242551994,0.0386256687610077,0.00281262819045813,0.170252947742694,"14/606","10/659","Gria2/Rab3c/Gabra2/Mal2/Sv2b/Sh3gl2/Unc13b/Calm1/Calm2/Otof/Syt9/Slc17a7/Vamp2/Stx1a","Synpr/Gad2/Rph3a/Slc32a1/Sv2c/Syt2/Rab3b/Slc17a8/Slc30a3/Scamp1"
"CC","GO:0099501","exocytic vesicle membrane",0.000335242551994,0.0386256687610077,0.00281262819045813,0.170252947742694,"14/606","10/659","Gria2/Rab3c/Gabra2/Mal2/Sv2b/Sh3gl2/Unc13b/Calm1/Calm2/Otof/Syt9/Slc17a7/Vamp2/Stx1a","Synpr/Gad2/Rph3a/Slc32a1/Sv2c/Syt2/Rab3b/Slc17a8/Slc30a3/Scamp1"
"BP","GO:0007015","actin filament organization",0.000374614143178791,0.0299998335282865,0.0127612460156027,0.180332796257655,"30/601","25/654","Shank1/Myadm/Pik3r1/Met/Tmod2/Arhgap12/Pls3/Myh10/Sirpa/Actr2/Wasf1/Phactr1/Cx3cl1/Mtpn/Abi2/Gas7/Baiap2/Iqgap2/Ppm1f/Fscn1/Ppargc1b/Fam171a1/Gsn/Mical3/Prex1/S100a10/Pfn2/Arf1/Diaph1/Synpo2","Sema5a/Prox1/Cdc42ep4/Tac1/Cald1/Shroom2/Eps8/Tmeff2/Nrp1/Tmod1/Nebl/Arhgef10l/Carmil1/Rufy3/Fam107a/Cap1/Shroom3/Bcar1/Rnd2/Zyx/Prkce/Rdx/Tgfbr1/Mybpc1/Kank4"
"BP","GO:0016311","dephosphorylation",0.000379098164912816,0.882507684204911,0.0128098492821347,0.955939401286622,"29/601","12/654","Dusp6/Slc39a10/Synj2/Ptpru/Fkbp1a/Bmp2/Ptpdc1/Ptprg/Spred1/Ppp2r2b/Ssh2/Nuak1/Ppp1r12a/Inpp5d/Chrm5/Ppp4r4/Dlg2/Plppr4/Ptprn/Ppm1f/Arpp19/Ppargc1b/Farp1/Elfn2/Ssh3/Ptpn14/Plpp6/Mtmr4/Mtmr1","Npnt/Ptprm/Ubash3b/Elfn1/Ppp1r16b/Mef2c/Ptpro/Eya1/Inpp5j/Inpp4b/Ppp1cb/Ptpre"
"MF","GO:0004672","protein kinase activity",0.000393110328467422,0.091956200416458,0.00782774104613694,0.329430717986795,"40/595","32/653","Prkcb/Prkcg/Kit/Ccnd1/Plk2/Bcr/Itpka/Lrrk2/Ksr1/Prag1/Ephb3/Met/Prkab2/Tyro3/Camkv/Lmtk2/Cdkl5/Nuak1/Cdk17/Grk3/Uhmk1/Slk/Tnni3k/Camkk2/Bmpr2/Bmpr1b/Map3k19/Tbk1/Sik3/Ttbk1/Cdkl4/Mast4/Cdk13/Speg/Kdr/Mast2/Jak1/Sbk1/Mmd/Map4k5","Erbb4/Prkacb/Nrp2/Nek7/Stk32b/Camk2g/Ephb1/Camk2b/Plk5/Mapk3/Nek6/Egfr/Nrp1/Ccnd2/Flt3/Prkd1/Map3k20/Prkca/Fgfr1/Ddr1/Epha7/Nek10/Prkce/Yes1/Ccnjl/Epha3/Alk/Stk32c/Cdc42bpg/Npr1/Tgfbr1/Pim1"
"MF","GO:0019902","phosphatase binding",0.000404309182162663,0.737718490351425,0.00782774104613694,0.945967436889742,"20/595","8/653","Itpr1/Pik3r1/Met/Spred1/Dab2ip/Cpd/Sirpa/Phactr1/Grin3a/Dlg2/Akap5/Tbk1/Strn/Gab2/Akap6/Mast2/Nptxr/Jak1/Irs2/Mtmr4","Foxo1/Rcan3/Mapk3/Cacna1c/Egfr/Pard3/Cdh2/Jup"
"BP","GO:0035584","calcium-mediated signaling using intracellular calcium source",0.000442985327146581,1,0.0146062304019301,1,"5/601",NA,"Grm5/Prnp/Homer2/Kdr/Adgrl1",NA
"BP","GO:0098962","regulation of postsynaptic neurotransmitter receptor activity",0.000442985327146581,0.542726744353516,0.0146062304019301,0.777740380999966,"5/601","1/654","Homer1/Nptx2/Shisa7/Cnih2/Nptxr","Shisa6"
"BP","GO:0140029","exocytic process",0.000446108593029093,0.0594512373647414,0.0146062304019301,0.275454887726464,"12/601","8/654","Rab8b/Cadps2/Rab3c/Unc13b/Exoc6b/Otof/Syt9/Stxbp3/Vamp8/Kcnb1/Vamp2/Stx1a","Cplx2/Syt2/Cplx1/Rab3b/Vamp1/Sept5/Cadps/Napa"
"BP","GO:0061001","regulation of dendritic spine morphogenesis",0.000446204651896671,0.108555463878426,0.0146062304019301,0.377253688331499,"9/601","5/654","Arhgap33/Itpka/Lrrk2/Sipa1l1/Actr2/Abi2/Arhgap44/Baiap2/Arc","Reln/Dnm3/Tiam1/Cux2/Camk2b"
"CC","GO:0032589","neuron projection membrane",0.000448423342983828,0.0110420530440936,0.00369949257961658,0.0686724942742263,"10/606","8/659","Gabra2/Cntnap2/Shisa7/Ripor2/Atp2b1/Gabra3/Hcn1/Akap5/Kcnb1/Unc5a","Kcnc1/Kcnc2/Gabra4/Kcnc3/Oprm1/Ngfr/Slc1a2/Shisa6"
"BP","GO:0140056","organelle localization by membrane tethering",0.000472767925748784,0.715556640039394,0.0152612176038449,0.865557178351598,"11/601","3/654","Rab8b/Rab3c/Unc13b/Exoc6b/Exoc5/Esyt2/Stxbp3/Vamp8/Kcnb1/Vamp2/Stx1a","Rab3b/Ndrg4/Sept5"
"BP","GO:0043113","receptor clustering",0.00047714069358083,0.0883555837725588,0.0152612176038449,0.336607239785428,"10/601","6/654","Lrrc7/Shisa7/Grin2b/Etv5/Ptn/Syngap1/Dlg2/Snx27/Gsn/Itga4","Reln/Lrrtm4/Cdh2/Apoe/Grik2/Shisa6"
"BP","GO:0043393","regulation of protein binding",0.000496922994389196,0.0146425211437353,0.0157735405037177,0.116332677175044,"21/601","18/654","Plk2/Map2/Lrrk2/Fkbp1a/Sorl1/Ripor2/Bmp2/Spon1/Met/Dab2ip/Cyld/Ripor1/Lrp1/Cd36/App/Dzip1/Zfpm1/Plcl2/Ttbk1/Hdac4/Itga4","Plcl1/Epb41/Ubash3b/Aplp2/Tiam1/Mef2c/Trhr/Mapk3/Cblb/Cald1/Ngf/Wnt5a/Bambi/Apoe/Dact1/Tgfbr1/Cthrc1/Tirap"
"BP","GO:0043954","cellular component maintenance",0.000519777276759344,0.483407405157232,0.0162527372359825,0.759805610180237,"9/601","3/654","Homer1/Prnp/Itpka/Grin2b/Zmynd8/Syngap1/Dgkz/Plekha7/Shank2","Shroom2/Rassf8/Apoe"
"CC","GO:0045121","membrane raft",0.000521659499215741,0.0658082430104169,0.00416486213083535,0.248974519389411,"27/606","21/659","Prnp/Itpr1/Myadm/Mal2/Gnai1/Lrrk2/Atp2b1/L1cam/Nos1/Tnr/Cd36/Trpc4/Grk3/Rap2b/Cpe/App/Cbl/Sulf1/Bmpr2/Cd55/Eno2/Rgs19/Akap5/Arc/Akap6/S100a10/Kdr","Erbb4/Ephb1/Adcyap1r1/Mme/Atp2b2/Cdh13/Gprc5b/Mapk3/Cblb/Cacna1c/Egfr/Prkca/Pacsin2/Oprm1/Cnr1/Shh/Ngfr/Cdh2/Kcna3/Kcnd3/Tgfbr1"
"CC","GO:0098857","membrane microdomain",0.000521659499215741,0.0658082430104169,0.00416486213083535,0.248974519389411,"27/606","21/659","Prnp/Itpr1/Myadm/Mal2/Gnai1/Lrrk2/Atp2b1/L1cam/Nos1/Tnr/Cd36/Trpc4/Grk3/Rap2b/Cpe/App/Cbl/Sulf1/Bmpr2/Cd55/Eno2/Rgs19/Akap5/Arc/Akap6/S100a10/Kdr","Erbb4/Ephb1/Adcyap1r1/Mme/Atp2b2/Cdh13/Gprc5b/Mapk3/Cblb/Cacna1c/Egfr/Prkca/Pacsin2/Oprm1/Cnr1/Shh/Ngfr/Cdh2/Kcna3/Kcnd3/Tgfbr1"
"BP","GO:0099084","postsynaptic specialization organization",0.000524283704321237,0.153237460189984,0.0162722127489332,0.465278946705465,"8/601","4/654","Gap43/Shank1/Sipa1l1/Zmynd8/Syngap1/Dgkz/Nptxr/Shank2","Reln/Tmem108/Il1rap/Cdh2"
"BP","GO:0031503","protein-containing complex localization",0.000572536857299343,0.642365203858124,0.0175104338108339,0.82975104516006,"23/601","11/654","Usp46/Ap2b1/Lrrc7/Anks1b/Cnih3/Nptx2/Syne1/Ift172/Zfp365/Arhgap44/Eps15/Git1/Cnih2/Dlg2/Akap5/Tub/Arc/Akap6/Clstn1/Cep72/Grasp/Vamp2/Nptxr","Stxbp6/Reln/Dnm3/Nacc2/Cacng2/Cplx1/Mios/Lgi1/Gsg1l/Fkbp4/Shisa6"
"BP","GO:0009914","hormone transport",0.000589865086085327,0.0469112524330001,0.0179096718166487,0.236298364461181,"25/601","20/654","Rab8b/Inhbb/Doc2b/Pex5l/Nnat/Nos1/Cacna1e/Adra2a/Ccn3/Htr2c/Lrp1/Cpe/Slc16a1/Per2/Ptprn/Syt9/Stxbp3/Vamp8/Slc16a2/Crym/Kcnb1/Vamp2/Midn/Irs2/Stx1a","Rfx3/Crhbp/Tiam1/Vip/Cplx1/Tac1/Cacna1c/Itsn1/Egfr/Gpr68/Slc16a10/Cnr1/Fgfr1/Neurod1/Glp1r/Prkce/Sybu/Mcu/Adcyap1/Abat"
"BP","GO:0002790","peptide secretion",0.000611927266205482,0.0223315766857482,0.0182871116466052,0.149770490794047,"37/601","33/654","Rab8b/Rasgrp1/Rab3c/Inhbb/Doc2b/Foxp1/Pex5l/Nnat/Lrrk2/Nos1/Cacna1e/Adra2a/Myh10/Ccn3/Htr2c/Unc13b/Lrp1/Cd36/Cx3cl1/Tnfaip3/Syt4/Cpe/Slc16a1/Per2/Ptprn/Akap5/Syt9/Stxbp3/Cd34/Vamp8/Slc16a2/Kcnb1/Midn/Mttp/Arf1/Irs2/Stx1a","Rfx3/Crhbp/Pam/Tiam1/Il1rap/Lyst/Cplx1/Igf1/Mapk3/Npy2r/Rab3b/Cacna1c/Itsn1/Egfr/Wnt5a/Gas6/Flt3/Alox8/Gpr68/Slc16a10/Oprm1/Cnr1/Akap12/Neurod1/Glp1r/Prkce/Olfm2/Apoe/Cbln4/Sybu/Mcu/Adcyap1/Abat"
"BP","GO:0098885","modification of postsynaptic actin cytoskeleton",0.000619754141722657,0.19387763961038,0.0182871116466052,0.510316174419038,"5/601","2/654","Cttnbp2/Myh10/Wasf1/Baiap2/Pfn2","Tiam1/Itsn1"
"BP","GO:0098974","postsynaptic actin cytoskeleton organization",0.000619754141722657,1,0.0182871116466052,1,"5/601",NA,"Sipa1l1/Myh10/Abi2/Farp1/Arf1",NA
"BP","GO:0099188","postsynaptic cytoskeleton organization",0.000619754141722657,1,0.0182871116466052,1,"5/601",NA,"Sipa1l1/Myh10/Abi2/Farp1/Arf1",NA
"CC","GO:0099523","presynaptic cytosol",0.000633263399320501,0.117659707746829,0.00497564099466108,0.355274753475186,"6/606","3/659","Prkcb/Prkcg/Anks1b/Lrrk2/Sh3gl2/Baiap2","Ppfia2/Prkca/Prkce"
"BP","GO:0008360","regulation of cell shape",0.000653557450361084,0.179094480084881,0.0191496903287618,0.497922148276386,"15/601","9/654","Kit/Prag1/Plxna2/Myh10/Plxna1/Plxnc1/Ptn/Gas7/Myh9/Baiap2/Arhgdia/Fam171a1/Phip/Kdr/Diaph1","Epb41/Cdc42ep4/Plxna4/Parva/Eps8/Bambi/Shroom3/Rnd2/Rdx"
"BP","GO:0060384","innervation",0.000660350634800681,0.346375817946222,0.0192143691653809,0.698570361718885,"6/601","2/654","Prkcg/Unc13b/Sulf1/Rnf165/Lrig2/Itga4","Adarb1/Nrp1"
"BP","GO:0045921","positive regulation of exocytosis",0.000675233023408186,0.332938321547641,0.0195119059867607,0.684892634806714,"11/601","5/654","Cadps2/Doc2b/Cacna1g/Unc13b/Syt4/Syt9/Vamp8/Gab2/Kcnb1/Arf1/Stx1a","Syt2/Sept5/Cadps/Prkca/Syt10"
"BP","GO:0035303","regulation of dephosphorylation",0.000701573957417664,0.925162279829798,0.0198621275782433,0.977253782530005,"16/601","4/654","Slc39a10/Fkbp1a/Bmp2/Spred1/Ppp2r2b/Nuak1/Ppp1r12a/Chrm5/Ppp4r4/Dlg2/Arpp19/Ppargc1b/Farp1/Elfn2/Mtmr4/Mtmr1","Npnt/Elfn1/Ppp1r16b/Mef2c"
"MF","GO:0098879","structural constituent of postsynaptic specialization",0.000787900032494799,1,0.0140538587828214,1,"4/595",NA,"Git1/Dlg2/Dlgap1/Shank2",NA
"CC","GO:0098589","membrane region",0.000788924254221624,0.0818783067574255,0.0057429044976427,0.287236134879299,"27/606","21/659","Prnp/Itpr1/Myadm/Mal2/Gnai1/Lrrk2/Atp2b1/L1cam/Nos1/Tnr/Cd36/Trpc4/Grk3/Rap2b/Cpe/App/Cbl/Sulf1/Bmpr2/Cd55/Eno2/Rgs19/Akap5/Arc/Akap6/S100a10/Kdr","Erbb4/Ephb1/Adcyap1r1/Mme/Atp2b2/Cdh13/Gprc5b/Mapk3/Cblb/Cacna1c/Egfr/Prkca/Pacsin2/Oprm1/Cnr1/Shh/Ngfr/Cdh2/Kcna3/Kcnd3/Tgfbr1"
"MF","GO:0017075","syntaxin-1 binding",0.000834651135627723,0.0366492062152725,0.0140538587828214,0.195932294766265,"6/595","4/653","Lrrk2/Snph/Unc13b/Syt4/Stxbp3/Vamp2","Synpr/Cplx2/Cplx1/Sybu"
"BP","GO:1901652","response to peptide",0.000843149314305317,0.667220319650094,0.0234950028148145,0.839024213420921,"27/601","14/654","Prkcb/Rab8b/Grm5/Nr4a2/Prnp/Inhbb/Egr1/Sorl1/Atp2b1/Pik3r1/Cpeb2/Nos1/Cacna2d1/Lrp1/Cd36/Tnfaip3/Nr4a1/Serpina3g/App/Cacnb1/Stxbp3/CYTB/Vamp2/Egr2/Phip/Irs2/Itga4","Foxo1/Crhbp/Igf1/Erbin/Serpina3n/Tbc1d4/Grb14/Prkca/Jag1/Car2/Ngfr/Bcar1/Ptpre/Stat5b"
"BP","GO:0022406","membrane docking",0.000846717285211694,0.757122037359772,0.0234950028148145,0.889448612522134,"11/601","3/654","Rab8b/Rab3c/Unc13b/Exoc6b/Exoc5/Esyt2/Stxbp3/Vamp8/Kcnb1/Vamp2/Stx1a","Rab3b/Ndrg4/Sept5"
"BP","GO:0008037","cell recognition",0.000937925567557966,0.0388133634082602,0.0256856740396593,0.210214732644738,"12/601","9/654","Gap43/Cntnap2/L1cam/Ephb3/Fezf2/Sirpa/Cd36/App/Git1/Tub/Foxg1/Vstm2l","Sema5a/Dscam/Ephb1/Nrp1/Wnt5a/Cnr1/Cct3/Epha3/Amigo1"
"MF","GO:0030165","PDZ domain binding",0.000985624246128663,0.275835558329485,0.0155268570593932,0.618405525932232,"13/595","7/653","Gria2/Gria3/Atp2b1/L1cam/Crim1/Gng12/Adgrl2/Baiap2/Dlg2/Ccdc88c/Dlgap3/Grasp/Acox1","Plekha2/Mpp3/Atp2b2/Dtna/Lin7c/Grik2/Shisa6"
"BP","GO:0008016","regulation of heart contraction",0.000988999308889956,0.0139988218125608,0.0267537397809119,0.11321621687438,"15/601","13/654","Slc8a1/Pik3r1/Nos1/Cacna2d1/Cacna1g/Cacna1e/Pde4b/Tnni3k/Gpd1l/Adra1a/Kcnn2/Akap6/Thra/Myh7/Hdac4","Ehd3/Chrm2/Pde5a/Kcnj2/Tac1/Cacna1c/Kcnh2/Prkca/Dsp/Glp1r/Cacna2d2/Kcnd3/Jup"
"BP","GO:0048169","regulation of long-term neuronal synaptic plasticity",0.00100075265334389,0.261759614460161,0.0268791898558392,0.602730449492177,"7/601","3/654","Grm5/Kit/Egr1/Grin2b/Syngap1/App/Kdr","Camk2b/Grik1/Grik2"
"CC","GO:0032839","dendrite cytoplasm",0.00100098485328748,0.379408797157442,0.00718097829532323,0.827333915545658,"6/606","2/659","Gria2/Map2/Lrrk2/Cdkl5/Uhmk1/Baiap2","Oprm1/Grik2"
"MF","GO:0001540","amyloid-beta binding",0.00100313964147765,0.407624150255048,0.0155268570593932,0.783251205415263,"8/595","3/653","Gria2/Prnp/Gria3/Sorl1/Cd36/Itm2b/Dlgap3/Clstn1","Olfm1/Ngfr/Apoe"
"BP","GO:0060048","cardiac muscle contraction",0.00103565458950829,0.0412214054825734,0.0274746721087173,0.218064766824581,"12/601","9/654","Slc8a1/Cacna2d1/Cacna1g/Met/Pde4b/Tnni3k/Gpd1l/Adra1a/Kcnn2/Akap6/Myh7/Hdac4","Ehd3/Pde5a/Scn1a/Kcnj2/Cacna1c/Kcnh2/Dsp/Jup/Cxcr4"
"BP","GO:0031279","regulation of cyclase activity",0.00104314595983616,0.383548596982972,0.0274746721087173,0.737694231594279,"6/601","2/654","Npr3/Nos1/Hrh3/Timp2/Akap5/Akap6","Mapk3/Cacna1c"
"BP","GO:2000311","regulation of AMPA receptor activity",0.00104314595983616,0.0090067635495136,0.0274746721087173,0.0855197811135939,"6/601","5/654","Shank1/Cnih3/Shisa7/Cnih2/Arc/Shank2","Reln/Cacng2/Mef2c/Gsg1l/Shisa6"
"BP","GO:0032890","regulation of organic acid transport",0.0010519793343702,0.316974232138768,0.0274746721087173,0.666556320215428,"9/601","4/654","Grin2b/Arl6ip1/Hrh3/Htr2c/Syt4/Sstr4/Per2/Nr3c1/Irs2","Slc6a1/Grik1/Acsl6/Abat"
"BP","GO:0046879","hormone secretion",0.00107685050074795,0.0410910728625524,0.0277768583180682,0.218064766824581,"24/601","20/654","Rab8b/Inhbb/Doc2b/Pex5l/Nnat/Nos1/Cacna1e/Adra2a/Ccn3/Htr2c/Lrp1/Cpe/Slc16a1/Per2/Ptprn/Syt9/Stxbp3/Vamp8/Slc16a2/Kcnb1/Vamp2/Midn/Irs2/Stx1a","Rfx3/Crhbp/Tiam1/Vip/Cplx1/Tac1/Cacna1c/Itsn1/Egfr/Gpr68/Slc16a10/Cnr1/Fgfr1/Neurod1/Glp1r/Prkce/Sybu/Mcu/Adcyap1/Abat"
"BP","GO:1901699","cellular response to nitrogen compound",0.00110629297032376,0.00773700032027814,0.0282644362540034,0.0759984440550957,"35/601","34/654","Prkcb/Rab8b/Grm5/Nr4a2/Prnp/Itpr1/Inhbb/Slc8a1/Egr1/Lrrk2/Sorl1/Atp2b1/Pik3r1/Cpeb2/Nos1/Cacna2d1/Chrm4/Hrh3/Lrp1/Cd36/Pde4b/Chrm5/Nr4a1/Ly6h/App/Hcn1/Sh3bp4/Cacnb1/Col4a1/Akap6/Vamp2/Phip/Irs2/Diaph1/Itga4","Igfbp5/Foxo1/Crhbp/Rgs10/Rgs8/Kcnc2/Pde3a/Chrm2/Igf1/Mef2c/Mapk3/Egfr/Zeb1/Tbc1d4/Grb14/Rragd/Prkca/Oprm1/Car2/Gstm7/Cpeb4/Slc8a3/Ngfr/Bcar1/Glra2/Lypd1/Zc3hav1/Akap7/Amigo1/Jup/Hnrnpd/Ptpre/Stat5b/Chrm3"
"BP","GO:2001023","regulation of response to drug",0.00114169914098611,0.0437283326397062,0.0289922387923139,0.227978110577575,"12/601","9/654","Prkcb/Foxp1/Lrrk2/Syt17/Arl6ip1/Met/Htr2c/Syt4/Per2/Syt9/Hsph1/Htr2a","Syt2/Gabra4/Npy2r/Rab3b/Syt6/Cnr1/Syt10/Cxcl12/Abat"
"CC","GO:0017146","NMDA selective glutamate receptor complex",0.00115798739338337,0.103089254044603,0.0080732923904897,0.325017509279513,"4/606","2/659","Shank1/Grin2b/Grin3a/Dlgap3","Grin2d/Eps8"
"BP","GO:0008277","regulation of G protein-coupled receptor signaling pathway",0.00118198122342661,0.00690143736096955,0.0292170779056591,0.0705153954470695,"13/601","12/654","Grm5/Lrrk2/Nos1/Met/Tmod2/Homer2/Pde4b/Kctd12b/Sstr4/Grk3/Git1/Rpgrip1l/Tub","Rgs10/Rgs8/Pde5a/Camk2b/Rgs12/Wnt5a/Mgll/Oprm1/Necab2/Alk/Frmpd1/Adcyap1"
"BP","GO:0007194","negative regulation of adenylate cyclase activity",0.00119289997530334,1,0.0292170779056591,1,"4/601",NA,"Npr3/Hrh3/Akap5/Akap6",NA
"BP","GO:0032486","Rap protein signal transduction",0.00119289997530334,1,0.0292170779056591,1,"4/601",NA,"Plk2/Rap2b/Cbl/Timp2",NA
"BP","GO:1902950","regulation of dendritic spine maintenance",0.00119289997530334,0.436575978813044,0.0292170779056591,0.746766062894167,"4/601","1/654","Homer1/Prnp/Grin2b/Zmynd8","Apoe"
"BP","GO:0046839","phospholipid dephosphorylation",0.00119307597197589,0.552355756538008,0.0292170779056591,0.786583716559232,"7/601","2/654","Synj2/Inpp5d/Chrm5/Plppr4/Plpp6/Mtmr4/Mtmr1","Inpp5j/Inpp4b"
"BP","GO:0051955","regulation of amino acid transport",0.00119307597197589,0.275736475552766,0.0292170779056591,0.620371185496646,"7/601","3/654","Grin2b/Arl6ip1/Hrh3/Htr2c/Syt4/Per2/Nr3c1","Slc6a1/Grik1/Abat"
"BP","GO:1902532","negative regulation of intracellular signal transduction",0.00124698195680943,0.849706295820153,0.0302014705146331,0.939000411796139,"35/601","18/654","Dusp6/Prnp/Itpr1/Myadm/Lrrk2/Sorl1/Ripor2/Met/Pde11a/Arhgap12/Spred1/Dab2ip/Ccn3/Cyld/Homer2/Sirpa/Ripor1/Wwc2/Pde4b/Tnfaip3/Sstr4/Per1/Rasal1/Sh3glb1/Arhgap44/Gpd1l/Syngap1/Wwc1/Adra1a/Dgkz/Git1/Timp2/Sh3bp4/Hsph1/Kctd10","Foxo1/Pde3a/Igf1/Npy2r/Erbin/Rora/Sema6a/Prkca/Oprm1/Gstm7/Neurod1/Ddx3x/Phlda3/Apoe/Camk2n1/Cxcl12/Fnip2/Dact1"
"MF","GO:0000149","SNARE binding",0.00129001644083409,0.0933876404319588,0.0191352438723724,0.331144949490874,"13/595","9/653","Gria2/Doc2b/Lrrk2/Syt17/Snph/Unc13b/Syt4/Syt9/Stxbp3/Vamp8/Kcnb1/Vamp2/Stx1a","Synpr/Cplx2/Syt2/Cplx1/Sept5/Syt6/Syt10/Napa/Sybu"
"BP","GO:0043087","regulation of GTPase activity",0.0013415017837239,0.0278172722643702,0.0317564546542551,0.170051274012175,"23/601","20/654","Rasgrp1/Bcr/Lrrk2/Sipa1l1/Ephb3/Plxna2/Arhgap12/Dab2ip/Plxna1/Plxnc1/Cdkl5/Cx3cl1/Rapgef6/Tbc1d1/Rasal1/Arhgap44/Syngap1/Dock9/Iqgap2/Sh3bp4/Tbck/Prex1/S100a10","Dock10/Ntf3/Rgs10/Rgs8/Tiam1/Plxna4/Dock11/Cblb/Abr/Chn2/Tbc1d4/Wnt5a/Vav3/Tbc1d8b/Mtss2/Rdx/Tbc1d30/Epha3/Adcyap1/Net1"
"CC","GO:0030658","transport vesicle membrane",0.00135039444910996,0.0752883140329304,0.00928396183763094,0.26703823883555,"15/606","11/659","Gria2/Rab3c/Gabra2/Mal2/Sv2b/Sh3gl2/Unc13b/Nrgn/Calm1/Calm2/Otof/Syt9/Slc17a7/Vamp2/Stx1a","Synpr/Gad2/Rph3a/Slc32a1/Sv2c/Syt2/Rab3b/Slc17a8/Car4/Slc30a3/Scamp1"
"BP","GO:0019933","cAMP-mediated signaling",0.00139544395968943,0.0415350298804214,0.032430590260971,0.219187300541125,"14/601","11/654","Gpr161/Gnai1/Pex5l/Ksr1/Adgrl3/Nos1/Pde11a/Adra2a/Pde4b/Sstr4/Gpr26/Adra1a/Adgrl2/Adgrl1","Pde3a/Adcyap1r1/Vip/Npy2r/Oprm1/Gpr61/Glp1r/Adcy1/Adcyap1/Htr7/Calcrl"
"BP","GO:0032273","positive regulation of protein polymerization",0.00140867957696819,0.799435041600748,0.032430590260971,0.910668889089842,"13/601","4/654","Met/Actr2/Wasf1/Gda/Abi2/Baiap2/Iqgap2/Tppp/Ttbk1/Nin/Gsn/Pfn2/Arf1","Cdc42ep4/Map1b/Carmil1/Prkce"
"MF","GO:0099186","structural constituent of postsynapse",0.00146805734816081,0.254088234408249,0.0213317720793979,0.588637743045777,"5/595","2/653","Homer1/Git1/Dlg2/Dlgap1/Shank2","Dnm3/Camk2b"
"BP","GO:0060402","calcium ion transport into cytosol",0.0015121893677252,0.00841948338017172,0.0342490456798302,0.0815897021728749,"14/601","13/654","Prnp/Itpr1/Slc8a1/Fkbp1a/Grin2b/Cacna2d1/Cacna1g/Htr2c/Cx3cl1/Adra1a/Akap5/Akap6/Htr2a/Diaph1","Ubash3b/Capn3/Adcyap1r1/Grin2d/Cemip/Ngf/Prkd1/Gstm7/Slc8a3/Glp1r/Prkce/Plcg2/Plch1"
"MF","GO:0048365","Rac GTPase binding",0.00154023932463669,0.0803996801630658,0.0219330079828265,0.307020756666652,"9/595","6/653","Itpka/Wasf1/Cdkl5/Abi2/Arhgap44/Iqgap2/Arhgdia/Farp1/Prex1","Tiam1/Spata13/Arhgef4/Eps8/Vav3/Mtss2"
"BP","GO:0008038","neuron recognition",0.00155391040856046,0.0101355319572308,0.0346323649567465,0.0930058792338677,"8/601","7/654","Gap43/Cntnap2/L1cam/Ephb3/Fezf2/App/Foxg1/Vstm2l","Sema5a/Dscam/Nrp1/Wnt5a/Cnr1/Epha3/Amigo1"
"BP","GO:0030166","proteoglycan biosynthetic process",0.00155391040856046,0.0336093008867802,0.0346323649567465,0.192853446764185,"8/601","6/654","Xylt1/Ndst3/Hs6st3/Ndst4/Hs3st2/Hs6st2/Chst8/Ext1","Extl2/Igf1/Vangl2/Hs3st4/Acan/Hs3st1"
"BP","GO:0072659","protein localization to plasma membrane",0.00157263632736237,0.207787784929874,0.0347690417319935,0.534038606878181,"23/601","16/654","Rab8b/Prnp/Rab3c/Lrrc7/Myadm/Ar/Pik3r1/Lrp1/Exoc5/Rapgef6/Arhgap44/Nfasc/Tspan14/Ttc7b/Akap5/Vamp8/Fam126a/Kcnb1/Snx27/Grasp/S100a10/Vamp2/Fcho2","Camk2g/Ehd3/Dchs1/Camk2b/Efr3b/Rab3b/Egfr/Nkd2/Gas6/Nectin3/Rilpl1/Cdh2/Rdx/Lypd1/Epha3/Jup"
"BP","GO:0051339","regulation of lyase activity",0.00157663912388515,0.768083213687081,0.0347690417319935,0.890704494112037,"6/601","1/654","Npr3/Nos1/Hrh3/Timp2/Akap5/Akap6","Cacna1c"
"BP","GO:0090276","regulation of peptide hormone secretion",0.00159647694822742,0.0716605547159475,0.0350221906443607,0.306347099389046,"17/601","13/654","Rab8b/Inhbb/Doc2b/Pex5l/Nnat/Nos1/Cacna1e/Adra2a/Ccn3/Htr2c/Lrp1/Slc16a1/Per2/Syt9/Kcnb1/Midn/Irs2","Rfx3/Crhbp/Tiam1/Itsn1/Egfr/Gpr68/Cnr1/Glp1r/Prkce/Sybu/Mcu/Adcyap1/Abat"
"BP","GO:0006898","receptor-mediated endocytosis",0.00162594394362624,0.178792346515853,0.0354828391864268,0.497922148276386,"19/601","13/654","Gria2/Usp46/Ap2b1/Syne1/Sh3gl2/Wasf1/Grem1/Lrp1/Cd36/Grk3/Siglech/Dnajc13/Eps15/Cbl/Akap5/Arc/Arf1/Fcho2/Itga4","Tmem108/Dnm3/Ntf3/Cacng2/Egfr/Prkca/Gsg1l/Necab2/Cap1/Pard3/Apoe/Plcg2/Calcrl"
"CC","GO:0048786","presynaptic active zone",0.00164768795340082,0.248061011312611,0.011021696445046,0.602244380406017,"11/606","6/659","Atp2b1/Cacna2d1/Adra2a/Unc13b/Gpm6a/Arhgap44/App/Otof/Slc17a7/Shank2/Stx1a","Gad1/Slc32a1/Rims3/Atp2b2/Cntnap1/Cdh2"
"BP","GO:0045321","leukocyte activation",0.00170434016344063,0.177327242302001,0.0368481362200079,0.496378459345369,"38/601","30/654","Prkcb/Kit/Rasgrp1/Prnp/Bcr/Slc39a10/Sh3rf1/Foxp1/Egr1/Ndrg1/Lrrk2/Fkbp1a/Ripor2/Pik3r1/Tyro3/Cyld/Sirpa/Inpp5d/Cx3cl1/Tnfaip3/Myh9/App/Bcl11a/Git1/Fancd2/Skap2/Icosl/Tbk1/Vamp8/Plcl2/Gab2/Ttbk1/Runx2/Hsph1/Gsn/Prex1/Vamp2/Irs2","Dock10/Cplx2/Satb1/Ephb1/Jun/Lyst/Igf1/Pde5a/Tac1/Mef2c/Dock11/Cblb/Rora/Abr/Zeb1/Wnt5a/Gas6/Vav3/Flt3/Cnr1/Shh/Atp11c/Prkce/Mafb/Plcg2/Cxcl12/Cxcr4/Ptpre/Stat5b/Tirap"
"BP","GO:0030534","adult behavior",0.00171490886609373,0.00930779754458693,0.0368481362200079,0.0866989245424671,"16/601","15/654","Homer1/Usp46/Nr4a2/Shank1/Cntnap2/Chl1/Nos1/Met/Zfhx2/Sez6/Homer2/Htr2c/App/Slitrk5/Htr2a/Shank2","Crhbp/Scn1a/Grin2d/Cacna1c/Eps8/Ngf/Tmod1/Ccnd2/Grik1/Sept5/Oprm1/Slc1a2/Cxcl12/Alk/Abat"
"MF","GO:0017154","semaphorin receptor activity",0.00172328751502641,0.0208124756003691,0.0240584453078196,0.143214559824322,"4/595","3/653","Plxna2/Met/Plxna1/Plxnc1","Nrp2/Plxna4/Nrp1"
"BP","GO:0031280","negative regulation of cyclase activity",0.00172368369907436,1,0.0368481362200079,1,"4/601",NA,"Npr3/Hrh3/Akap5/Akap6",NA
"BP","GO:0032703","negative regulation of interleukin-2 production",0.00172368369907436,1,0.0368481362200079,1,"4/601",NA,"Prnp/Homer2/Tnfaip3/Cd34",NA
"BP","GO:0007178","transmembrane receptor protein serine/threonine kinase signaling pathway",0.00174499370263139,0.00498384980844282,0.0371143330661194,0.0546705555129185,"23/601","23/654","Inhbb/Jade2/Egr1/Fkbp1a/Sorl1/Bmp2/Rasl11b/Ccn3/Meg3/Grem1/Bmp3/Lefty1/Sulf1/Bmpr2/Rnf165/Bmpr1b/Sub1/Runx2/Hspa5/Smurf1/Kdr/Mtmr4/Gcnt2","Npnt/Btbd11/Jun/Dlx1/Gdf10/Mapk3/Ppm1l/Dlx5/Nrep/Cd109/Zeb1/Wnt5a/Trps1/Fut8/Zcchc12/Bambi/Vasn/Igsf1/Zyx/Htra1/Akap7/Fgf9/Tgfbr1"
"MF","GO:0019905","syntaxin binding",0.00179081867028307,0.0109316581569243,0.0245204402546451,0.0937963261612641,"10/595","9/653","Doc2b/Lrrk2/Syt17/Snph/Unc13b/Syt4/Syt9/Stxbp3/Vamp8/Vamp2","Synpr/Cplx2/Syt2/Cplx1/Sept5/Syt6/Syt10/Napa/Sybu"
"BP","GO:0042310","vasoconstriction",0.0017920001237683,0.302605377027889,0.0379216187807535,0.65583072268546,"10/601","5/654","Slc8a1/Atp2b1/Nos1/Cacna1g/Htr2c/Cx3cl1/Adra1a/Per2/Bmpr2/Htr2a","Pde5a/Cacna1c/Egfr/Chrm3/Htr7"
"BP","GO:0071417","cellular response to organonitrogen compound",0.00180708424341656,0.0753203654415504,0.0380486581905295,0.318839000429364,"31/601","26/654","Prkcb/Rab8b/Grm5/Nr4a2/Prnp/Itpr1/Inhbb/Slc8a1/Egr1/Lrrk2/Sorl1/Atp2b1/Pik3r1/Cpeb2/Nos1/Cacna2d1/Lrp1/Cd36/Pde4b/Nr4a1/App/Hcn1/Sh3bp4/Cacnb1/Col4a1/Akap6/Vamp2/Phip/Irs2/Diaph1/Itga4","Igfbp5/Foxo1/Crhbp/Pde3a/Igf1/Mef2c/Mapk3/Egfr/Zeb1/Tbc1d4/Grb14/Rragd/Prkca/Car2/Gstm7/Cpeb4/Slc8a3/Ngfr/Bcar1/Glra2/Akap7/Amigo1/Jup/Hnrnpd/Ptpre/Stat5b"
"BP","GO:0097062","dendritic spine maintenance",0.00188364450451759,0.647782737680572,0.0394366030138416,0.82975104516006,"5/601","1/654","Homer1/Prnp/Itpka/Grin2b/Zmynd8","Apoe"
"MF","GO:0098918","structural constituent of synapse",0.00190994987273416,0.183916388225569,0.0256581945167306,0.497361438975762,"6/595","3/653","Homer1/Pls3/Git1/Dlg2/Dlgap1/Shank2","Dnm3/Camk2b/Ppfia2"
"BP","GO:0098884","postsynaptic neurotransmitter receptor internalization",0.00191065164959662,0.437485347350308,0.0394366030138416,0.746766062894167,"6/601","2/654","Usp46/Ap2b1/Syne1/Eps15/Akap5/Arc","Dnm3/Gsg1l"
"BP","GO:0140239","postsynaptic endocytosis",0.00191065164959662,0.437485347350308,0.0394366030138416,0.746766062894167,"6/601","2/654","Usp46/Ap2b1/Syne1/Eps15/Akap5/Arc","Dnm3/Gsg1l"
"BP","GO:0048278","vesicle docking",0.00195823533327117,0.60534165476045,0.0400218889540245,0.813900711352277,"9/601","3/654","Rab8b/Rab3c/Unc13b/Exoc6b/Exoc5/Stxbp3/Kcnb1/Vamp2/Stx1a","Rab3b/Ndrg4/Sept5"
"BP","GO:0060999","positive regulation of dendritic spine development",0.00195823533327117,0.0883555837725588,0.0400218889540245,0.336607239785428,"9/601","6/654","Shank1/Itpka/Zmynd8/Actr2/Cdkl5/Baiap2/Nr3c1/Arf1/Shank2","Reln/Tiam1/Cux2/Camk2b/Itsn1/Apoe"
"BP","GO:0006814","sodium ion transport",0.00196766327554392,0.244484095506865,0.0400218889540245,0.582181961862629,"16/601","10/654","Slc24a3/Slc8a1/Nos1/Slc9a2/Slc4a8/Slc4a10/Per1/Klhl3/Gpd1l/Hcn1/Slc17a7/Scn2a/Slc24a4/Slc20a1/Arf1/Slc5a3","Slc4a4/Slc38a1/Scn1a/Scnn1a/Slc17a8/Ano6/Kcnk1/Asic4/Slc8a3/Nkain3"
"BP","GO:0010921","regulation of phosphatase activity",0.00198407082025046,0.880995836146037,0.0401606605644901,0.955939401286622,"12/601","3/654","Slc39a10/Fkbp1a/Bmp2/Spred1/Ppp2r2b/Nuak1/Ppp1r12a/Ppp4r4/Dlg2/Ppargc1b/Farp1/Elfn2","Npnt/Elfn1/Mef2c"
"BP","GO:0010324","membrane invagination",0.0020372591902422,0.926604812773707,0.0408426603211236,0.977253782530005,"8/601","1/654","Arhgap12/Sirpa/Cd36/Myh9/Smurf1/Gsn/Arf1/Fcho2","Ano6"
"BP","GO:0060688","regulation of morphogenesis of a branching structure",0.0020372591902422,0.470229982336862,0.0408426603211236,0.757203421631862,"8/601","3/654","Ar/Lrrk2/Met/Etv5/Grem1/Cpe/Bcl11a/Sulf1","Wnt5a/Shh/Fgfr1"
"MF","GO:0030695","GTPase regulator activity",0.00208051682497156,0.0422743086200596,0.0269332359887227,0.21109273638621,"21/595","18/653","Bcr/Asap2/Arhgap33/Lrrk2/Sipa1l1/Rin1/Arhgap12/Dab2ip/Sirpa/Agap2/Tbc1d1/Rasal1/Arhgap44/Syngap1/Git1/Sh3bp4/Arhgap32/Arhgap23/Garnl3/Arhgdia/Tbck","Rgs10/Rgs8/Jun/Sipa1l2/Arhgap20/Rap1gap2/Stard8/Abr/Chn2/Rgs12/Nrp1/Tbc1d4/Tbc1d8b/Stard13/Mtss2/Arhgef10l/Agap1/Tbc1d30"
"BP","GO:0044070","regulation of anion transport",0.0021243640789848,0.0301404096798648,0.0419862523157846,0.180425000881407,"11/601","9/654","Grm5/Prnp/Grin2b/Arl6ip1/Hrh3/Htr2c/Syt4/Sstr4/Per2/Nr3c1/Irs2","Slc6a1/Stc2/Grik1/Prkca/Car2/Fgfr1/Acsl6/Apoe/Abat"
"BP","GO:0032271","regulation of protein polymerization",0.00214558108426892,0.445925243002401,0.0422065011412524,0.75222272548752,"18/601","10/654","Myadm/Map2/Met/Tmod2/Actr2/Wasf1/Gda/Mtpn/Abi2/Baiap2/Iqgap2/Tppp/Ttbk1/Nin/Gsn/Prex1/Pfn2/Arf1","Cdc42ep4/Map1b/Eps8/Inpp5j/Tmod1/Carmil1/Prkce/Rdx/Fkbp4/Kank4"
"CC","GO:0099522","region of cytosol",0.00216786327361704,0.0490075187848991,0.0139362639018238,0.206013088225409,"7/606","5/659","Prkcb/Prkcg/Homer1/Anks1b/Lrrk2/Sh3gl2/Baiap2","Rims3/Ppfia2/Prkca/Prkce/Aldoc"
"CC","GO:0120111","neuron projection cytoplasm",0.00216786327361704,0.327281406290331,0.0139362639018238,0.746662102793016,"7/606","3/659","Gria2/Map2/Lrrk2/Cdkl5/Uhmk1/Ap3m2/Baiap2","Oprm1/Sybu/Grik2"
"BP","GO:0070997","neuron death",0.00217299076873057,0.0361049806855156,0.0425459407522481,0.202656787691946,"28/601","25/654","Prkcg/Nr4a2/Prnp/Itpr1/Chl1/Egr1/Lrrk2/Sorl1/Grin2b/Dio3/Nos1/Tyro3/Ppp2r2b/Lrp1/Agap2/Cx3cl1/Syngap1/App/Cbl/Cd34/Nr3c1/Scn2a/Kcnb1/Hsph1/Kdr/Trim2/Vstm2l/Hdac4","Ndnf/Adarb1/Ntf3/Ephb1/Jun/Dlx1/Igf1/Mef2c/Itsn1/Amigo2/Ngf/Nrp1/Crlf1/Wnt5a/Rilpl1/Cpeb4/Shh/Epha7/Ngfr/Glp1r/Bok/Apoe/Ppp1r13b/Grik2/Egln3"
"BP","GO:0061097","regulation of protein tyrosine kinase activity",0.00219812159019023,0.0369750718487769,0.0428378114553351,0.205935902745378,"9/601","7/654","Grm5/Prnp/Adra2a/Grem1/Rap2b/Adra1a/App/Cbl/Hsph1","Reln/Aplp2/Tgfa/Gprc5b/Cblb/Socs4/Gas6"
"BP","GO:0060047","heart contraction",0.00225083503587744,0.0117049064230005,0.043662031482993,0.102278748873828,"16/601","15/654","Slc8a1/Pik3r1/Nos1/Cacna2d1/Cacna1g/Cacna1e/Met/Pde4b/Tnni3k/Gpd1l/Adra1a/Kcnn2/Akap6/Thra/Myh7/Hdac4","Ehd3/Chrm2/Pde5a/Scn1a/Kcnj2/Tac1/Cacna1c/Kcnh2/Prkca/Dsp/Glp1r/Cacna2d2/Kcnd3/Jup/Cxcr4"
"BP","GO:0032970","regulation of actin filament-based process",0.0022684717073825,0.0070415543278416,0.0438013661471551,0.0711065369274098,"27/601","27/654","Shank1/Myadm/Pik3r1/Nos1/Met/Tmod2/Actr2/Wasf1/Lrp1/Pde4b/Cx3cl1/Mtpn/Abi2/Myh9/Arhgap44/Baiap2/Iqgap2/Arhgdia/Ppm1f/Fscn1/Gsn/Akap6/Prex1/S100a10/Pfn2/Arf1/Synpo2","Sema5a/Prox1/Pam/Ntf3/Cdc42ep4/Kcnj2/Tac1/Mef2c/Cacna1c/Shroom2/Eps8/Tmeff2/Nrp1/Tmod1/Vangl2/Arhgef10l/Carmil1/Dsp/Fam107a/Rnd2/Prkce/Pard3/Rdx/Epha3/Jup/Tgfbr1/Kank4"
"BP","GO:0043112","receptor metabolic process",0.00227931822488488,0.32670961079355,0.043808914505815,0.678237571892912,"18/601","11/654","Gria2/Usp46/Ap2b1/Gria3/Syne1/Sorl1/Sh3gl2/Lmtk2/Grem1/Cd36/Grk3/Sh3glb1/Eps15/Git1/Akap5/Arc/Smurf1/Arf1","Dnm3/Ntf3/Cacng2/Ehd3/Gsg1l/Fut8/Necab2/Pard3/Apoe/Plcg2/Calcrl"
"BP","GO:0007193","adenylate cyclase-inhibiting G protein-coupled receptor signaling pathway",0.00231958140670413,0.115629247258081,0.0442727274181851,0.395597604147444,"8/601","5/654","Npr3/Htr5b/Adra2a/Chrm4/Hrh3/Chrm5/Akap5/Gnaz","Chrm2/Npy2r/Oprm1/Akap12/Chrm3"
"BP","GO:0045761","regulation of adenylate cyclase activity",0.00237851300444243,0.665703236323555,0.0442727274181851,0.837360124386032,"5/601","1/654","Npr3/Hrh3/Timp2/Akap5/Akap6","Cacna1c"
"BP","GO:0071868","cellular response to monoamine stimulus",0.00237851300444243,0.665703236323555,0.0442727274181851,0.837360124386032,"5/601","1/654","Lrrk2/Nos1/Pde4b/App/Akap6","Mapk3"
"BP","GO:0071870","cellular response to catecholamine stimulus",0.00237851300444243,0.665703236323555,0.0442727274181851,0.837360124386032,"5/601","1/654","Lrrk2/Nos1/Pde4b/App/Akap6","Mapk3"
"BP","GO:0098969","neurotransmitter receptor transport to postsynaptic membrane",0.00237851300444243,0.665703236323555,0.0442727274181851,0.837360124386032,"5/601","1/654","Lrrc7/Arhgap44/Clstn1/Grasp/Vamp2","Cplx1"
"BP","GO:1903540","establishment of protein localization to postsynaptic membrane",0.00237851300444243,0.665703236323555,0.0442727274181851,0.837360124386032,"5/601","1/654","Lrrc7/Arhgap44/Clstn1/Grasp/Vamp2","Cplx1"
"BP","GO:0071625","vocalization behavior",0.00239854633029308,1,0.0442727274181851,1,"4/601",NA,"Shank1/Cntnap2/Foxp1/Shank2",NA
"BP","GO:0099159","regulation of modification of postsynaptic structure",0.00239854633029308,0.138917473065175,0.0442727274181851,0.433798338360057,"4/601","2/654","Cttnbp2/Myh10/Camkv/Baiap2","Tiam1/Itsn1"
"BP","GO:0051402","neuron apoptotic process",0.00241078554182435,0.042542885214364,0.0443034711414212,0.22368655705168,"22/601","19/654","Prkcg/Nr4a2/Prnp/Chl1/Egr1/Dio3/Nos1/Tyro3/Ppp2r2b/Lrp1/Agap2/Cx3cl1/Syngap1/App/Nr3c1/Scn2a/Kcnb1/Hsph1/Kdr/Trim2/Vstm2l/Hdac4","Ndnf/Adarb1/Ntf3/Jun/Dlx1/Mef2c/Itsn1/Amigo2/Ngf/Nrp1/Crlf1/Cpeb4/Epha7/Ngfr/Glp1r/Bok/Apoe/Grik2/Egln3"
"BP","GO:0070588","calcium ion transmembrane transport",0.00259804307957043,0.00662743300206157,0.0473295674060873,0.0685257546289715,"20/601","20/654","Tspan13/Slc24a3/Prnp/Itpr1/Slc8a1/Fkbp1a/Grin2b/Atp2b1/Cacna2d1/Cacna1g/Cacna1e/Htr2c/Trpc4/Pde4b/Cx3cl1/Cacnb1/Slc24a4/Akap6/Htr2a/Diaph1","Trpc6/Ubash3b/Ehd3/Capn3/Atp2b2/Grin2d/Cemip/Cacna1c/Ngf/Ano6/Gas6/Prkd1/Gstm7/Slc8a3/Glp1r/Prkce/Cacna2d2/Plcg2/Mcu/Plch1"
"MF","GO:0004674","protein serine/threonine kinase activity",0.0026271263571511,0.80296001922076,0.0326825371650537,0.972709887284386,"30/595","16/653","Prkcb/Prkcg/Plk2/Bcr/Itpka/Lrrk2/Prkab2/Camkv/Lmtk2/Cdkl5/Nuak1/Cdk17/Grk3/Uhmk1/Slk/Tnni3k/Camkk2/Bmpr2/Bmpr1b/Map3k19/Tbk1/Sik3/Ttbk1/Cdkl4/Mast4/Cdk13/Speg/Mast2/Sbk1/Map4k5","Prkacb/Nek7/Stk32b/Camk2g/Camk2b/Mapk3/Nek6/Prkd1/Map3k20/Prkca/Nek10/Prkce/Stk32c/Cdc42bpg/Tgfbr1/Pim1"
"BP","GO:0098815","modulation of excitatory postsynaptic potential",0.00263168543156322,0.0471284567712953,0.0477349002521641,0.236298364461181,"8/601","6/654","Shank1/Lrrk2/Syne1/Zmynd8/App/Baiap2/Shank2/Stx1a","Reln/Tmem108/Cux2/Npy2r/Ngfr/Igsf11"
"MF","GO:0060090","molecular adaptor activity",0.0026623415106364,0.379951526680738,0.0326825371650537,0.778956669743697,"17/595","10/653","Homer1/Sh3rf1/Ksr1/Dab2ip/Magi3/Wwc2/Synm/Wwc1/Baiap2/Map1a/Akap5/Fscn1/Dlgap3/Gab2/Akap6/Stx1a/Synpo2","Capn3/Spsb1/Itsn1/Eps8/Grb14/Gas6/Peli2/Magi1/Sh2d3c/Ippk"
"BP","GO:0030073","insulin secretion",0.00266535815371023,0.0955738132886365,0.0481372873450253,0.354303893764649,"17/601","13/654","Inhbb/Doc2b/Nnat/Nos1/Cacna1e/Adra2a/Ccn3/Lrp1/Slc16a1/Per2/Ptprn/Syt9/Stxbp3/Kcnb1/Midn/Irs2/Stx1a","Rfx3/Tiam1/Cplx1/Cacna1c/Gpr68/Cnr1/Neurod1/Glp1r/Prkce/Sybu/Mcu/Adcyap1/Abat"
"BP","GO:0009306","protein secretion",0.002688514458652,0.0618692564301219,0.0483471055010811,0.281176578644571,"33/601","29/654","Rab8b/Rasgrp1/Rab3c/Inhbb/Doc2b/Foxp1/Nnat/Lrrk2/Nos1/Cacna1e/Adra2a/Myh10/Ccn3/Unc13b/Lrp1/Cd36/Cx3cl1/Tnfaip3/Syt4/Slc16a1/Per2/Ptprn/Akap5/Syt9/Stxbp3/Cd34/Vamp8/Kcnb1/Midn/Mttp/Arf1/Irs2/Stx1a","Rfx3/Pam/Tiam1/Il1rap/Lyst/Cplx1/Igf1/Mapk3/Rab3b/Cacna1c/Egfr/Wnt5a/Gas6/Flt3/Alox8/Gpr68/Oprm1/Cnr1/Akap12/Neurod1/Glp1r/Prkce/Olfm2/Apoe/Cbln4/Sybu/Mcu/Adcyap1/Abat"
"BP","GO:0060292","long-term synaptic depression",0.00273604179879986,0.801734179312089,0.048991517679365,0.910668889089842,"6/601","1/654","Plk2/Sorcs3/Arc/Kcnb1/Arf1/Shank2","Mgll"
"MF","GO:0005126","cytokine receptor binding",0.00277555295207567,0.451249339803696,0.0334948085064047,0.803345414021522,"15/595","8/653","Inhbb/Vegfd/Fkbp1a/Grin2b/Bmp2/Pik3r1/Rasl11b/Spred1/Dab2ip/Grem1/Bmp3/Lifr/Cx3cl1/Lefty1/Jak1","Ntf3/Il1rap/Gdf10/Ngf/Crlf1/Ngfr/Cxcl12/Tgfbr1"
"BP","GO:0051017","actin filament bundle assembly",0.00277828403558481,0.0300569300797486,0.0495362132302143,0.180425000881407,"15/601","13/654","Shank1/Pik3r1/Met/Pls3/Myh10/Phactr1/Cx3cl1/Gas7/Baiap2/Ppm1f/Fscn1/Fam171a1/S100a10/Pfn2/Synpo2","Tac1/Cald1/Eps8/Tmeff2/Nrp1/Arhgef10l/Carmil1/Fam107a/Rnd2/Zyx/Rdx/Tgfbr1/Kank4"
"CC","GO:0099568","cytoplasmic region",0.00285903548035368,0.0265199099238236,0.0174718834910502,0.128085522398041,"30/606","28/659","Gria2/Myadm/Map2/Gnai1/Lrrk2/Dnal1/Myh10/Unc13b/Actr2/Ift172/Cdkl5/Exoc6b/Trpc4/Exoc5/Inpp5d/Uhmk1/Myh9/Ap3m2/Baiap2/Sept6/Arhgap32/Lasp1/Eno2/Rpgrip1l/Dync1h1/Rsph4a/Anln/Gsn/Cfap54/Hydin","Gad1/Stxbp6/Epb41/Rims3/Calb2/Pvalb/Scnn1a/Usp2/Cald1/Shroom2/Eps8/Tmod1/Sept3/Sept5/Prkd1/Oprm1/Mtss2/Cap1/Shroom3/Rnd2/Wipf3/Pard3/Cdh2/Rdx/Sybu/Lamc2/Grik2/Frmpd1"
"MF","GO:0001786","phosphatidylserine binding",0.00302586155653541,0.0619976165026001,0.0359068904708869,0.261141475571558,"7/595","5/653","Rasgrp1/Gap43/Syt17/Syt4/Gramd1b/Syt9/Fcho2","Syt2/Mme/Syt6/Gas6/Syt10"
"MF","GO:0030159","receptor signaling complex scaffold activity",0.00323442368308314,0.521287914675402,0.0365692675910055,0.810412081476686,"4/595","1/653","Shank1/Lrrk2/Homer2/Shank2","Akap12"
"MF","GO:0008146","sulfotransferase activity",0.00323576384583335,0.224158995378883,0.0365692675910055,0.554414597111472,"6/595","3/653","Ndst3/Hs6st3/Ndst4/Hs3st2/Hs6st2/Chst8","Wscd1/Hs3st4/Hs3st1"
"MF","GO:0031267","small GTPase binding",0.00332524569950681,0.0520356361523605,0.0369933584070133,0.23421160875684,"30/595","27/653","Arhgef28/Rasgrp1/Bcr/Ndrg1/Pex5l/Itpka/Lrrk2/Sorl1/Rin1/Rasgef1a/Wasf1/Cdkl5/Exoc5/Abi2/Rapgef6/Tbc1d1/Arhgap44/Git1/Dock9/Iqgap2/Sh3bp4/Arhgdia/Anln/Farp1/Tbck/Mical3/Grasp/Prex1/Kctd10/Diaph1","Stxbp6/Rasgrf2/Rph3a/Dock10/Rims3/Tiam1/Adcyap1r1/Inf2/Spata13/Cdc42ep4/Arhgef4/Dock11/Ehd1/Itsn1/Eps8/Abr/Tbc1d4/Kndc1/Vav3/Tbc1d8b/Rilpl1/Mtss2/Arhgef10l/Ngfr/Tbc1d30/Fgd5/Net1"
"CC","GO:0034704","calcium channel complex",0.00379834742724934,0.179406888786645,0.0223831187677193,0.473550741332192,"7/606","4/659","Cacna2d1/Cacna1g/Cacna1e/Trpc4/Pde4b/Cacnb1/Akap6","Cacng2/Cacna1c/Cacna2d2/Mcu"
"CC","GO:0098552","side of membrane",0.0040549490656556,0.0563555128374745,0.0236141151470532,0.226419494054986,"26/606","23/659","Kit/Nptx2/Gnai1/Lrrk2/Atp2b1/L1cam/Alcam/Cyld/Htr2c/Scube1/Cd36/Lifr/Esyt2/Gng12/Gnb4/Cd55/Plppr4/Icosl/Dlk1/Akap5/Cd34/Farp1/Kdr/Nptxr/Gnaz/Itga4","Epb41/Rgs8/Tiam1/Il1r1/Gfra2/Scnn1a/Cdh13/Dtna/Gfap/Crlf1/Adgra3/Cyth1/Flt3/Car4/Kcnip1/Gng2/Ngfr/Yes1/Apoe/Cxcl12/Jup/Cxcr4/H2-K1"
"MF","GO:0008179","adenylate cyclase binding",0.00424954369076368,0.0384138425395676,0.0444952221738785,0.197760152333329,"4/595","3/653","Calm1/Calm2/Akap5/Akap6","Adcyap1r1/Akap12/Cap1"
"MF","GO:0005096","GTPase activator activity",0.00444775547961508,0.022552292625301,0.0458956797316802,0.150487771777653,"19/595","18/653","Bcr/Asap2/Arhgap33/Lrrk2/Sipa1l1/Rin1/Arhgap12/Dab2ip/Agap2/Tbc1d1/Rasal1/Arhgap44/Syngap1/Git1/Arhgap32/Arhgap23/Garnl3/Arhgdia/Tbck","Rgs10/Rgs8/Jun/Sipa1l2/Arhgap20/Rap1gap2/Stard8/Abr/Chn2/Rgs12/Nrp1/Tbc1d4/Tbc1d8b/Stard13/Mtss2/Arhgef10l/Agap1/Tbc1d30"
"MF","GO:0000981","DNA-binding transcription factor activity, RNA polymerase II-specific",0.00458771460943694,0.00656876955043707,0.0466636114559871,0.062538285445942,"35/595","37/653","Nr4a2/Ar/Etv1/Foxp1/Meis2/Egr1/Ddn/Egr4/Bhlhe40/Pou3f3/Creb3l2/Etv5/Fezf2/Ylpm1/Klf6/Fosl2/Nr4a1/Arnt2/Pbx1/Hivep2/Bcl11a/Fosb/Zmym3/Jarid2/Pou3f1/Zfpm1/Nr3c1/Runx2/Thra/Arid5b/Egr2/Npas4/Irf2/Junb/Tfdp2","Prox1/Zfp536/Foxo1/Lhx6/St18/Arx/Dlx2/Tle4/Mycl/Mkx/Plagl1/Satb1/Jun/Cux2/Sp9/Maf/Mef2c/Sox1/Esrrb/Rora/Dlx5/Zeb1/Zbtb20/Npas3/Glis3/Sp8/Esrrg/Nfia/Lhx9/Npas1/Scrt1/Neurod1/Cebpd/Mafb/Klf12/Hlf/Stat5b"
"CC","GO:0030659","cytoplasmic vesicle membrane",0.00473251387431375,0.163611049938012,0.0272394693928524,0.452923272389375,"22/606","17/659","Gria2/Ap2b1/Rab3c/Itpr1/Gabra2/Mal2/Sv2b/Sh3gl2/Unc13b/Syt4/Nrgn/Cpe/Calm1/Eps15/Calm2/Otof/Syt9/Vamp8/Slc17a7/Vamp2/Fcho2/Stx1a","Synpr/Gad2/Rph3a/Slc32a1/Sv2c/Syt2/Pam/Moxd1/Rab3b/Cemip/Slc17a8/Vamp1/Cadps/Car4/Slc30a3/Ece2/Scamp1"
"CC","GO:0012506","vesicle membrane",0.00562146016382763,0.246680988668642,0.03198416989764,0.602244380406017,"23/606","17/659","Gria2/Ap2b1/Rab3c/Itpr1/Gabra2/Mal2/Sv2b/Nos1/Sh3gl2/Unc13b/Syt4/Nrgn/Cpe/Calm1/Eps15/Calm2/Otof/Syt9/Vamp8/Slc17a7/Vamp2/Fcho2/Stx1a","Synpr/Gad2/Rph3a/Slc32a1/Sv2c/Syt2/Pam/Moxd1/Rab3b/Cemip/Slc17a8/Vamp1/Cadps/Car4/Slc30a3/Ece2/Scamp1"
"CC","GO:0001772","immunological synapse",0.00613447347306898,1,0.0337396041018794,1,"5/606",NA,"Atp2b1/Alcam/Myh9/Arhgdia/Snx27",NA
"CC","GO:0097440","apical dendrite",0.00613447347306898,0.0394620070182109,0.0337396041018794,0.172266838329498,"5/606","4/659","Map2/Grin2b/Sez6/Slc4a10/Hcn1","Map1b/Itsn1/Slc17a8/Rgs12"
"CC","GO:0098563","intrinsic component of synaptic vesicle membrane",0.00681909016569072,0.0110420530440936,0.0366896699132272,0.0686724942742263,"8/606","8/659","Rab3c/Gabra2/Mal2/Sv2b/Syt9/Slc17a7/Vamp2/Stx1a","Synpr/Slc32a1/Sv2c/Syt2/Rab3b/Slc17a8/Slc30a3/Scamp1"
"CC","GO:0098862","cluster of actin-based cell projections",0.0072219701064319,0.0634650064548683,0.0384395183084278,0.248116825145401,"13/606","11/659","Prkcb/Ripor2/Slc9a2/Pls3/Myh10/Homer2/Zswim6/Cd36/Myh9/Rgs19/Mttp/Shank2/Diaph1","Lct/Calb2/Pvalb/Tiam1/Mme/Eps8/Car4/Kcnk1/Ddr1/Strc/Rdx"
"CC","GO:0030315","T-tubule",0.00827534642415534,0.0133076220669649,0.043577622127201,0.0774571848513087,"8/606","8/659","Slc8a1/Nos1/Cacna2d1/Adra1a/Kcnn2/Cacnb1/Scn2a/Akap6","Capn3/Scn1a/Kcnj2/Cacna1c/Prkce/Cdh2/Rdx/Akap7"
"CC","GO:0005891","voltage-gated calcium channel complex",0.0084939206790434,0.164977181072979,0.044257797222384,0.453937213376561,"5/606","3/659","Cacna2d1/Cacna1g/Cacna1e/Pde4b/Cacnb1","Cacng2/Cacna1c/Cacna2d2"
"CC","GO:0001726","ruffle",0.00869664399194147,0.0722105964441303,0.0446964067646626,0.262268886285081,"13/606","11/659","Psd3/Myadm/Jcad/Synj2/Map2/Cdkl5/Gas7/Myh9/Wwc1/Pdlim7/Fscn1/Gsn/Diaph1","Tiam1/Spata13/Eps8/Inpp5j/Frmd4b/Mtss2/Fam107a/Bcar1/Psd2/Rdx/Tirap"
"CC","GO:0032838","plasma membrane bounded cell projection cytoplasm",0.0092375157242033,0.967995547829158,0.0466588804436799,0.99999995667437,"13/606","3/659","Gria2/Map2/Lrrk2/Dnal1/Ift172/Cdkl5/Uhmk1/Ap3m2/Baiap2/Rpgrip1l/Rsph4a/Cfap54/Hydin","Oprm1/Sybu/Grik2"
"CC","GO:0048787","presynaptic active zone membrane",0.00964504333176135,0.327281406290331,0.0482252166588067,0.746662102793016,"6/606","3/659","Atp2b1/Cacna2d1/Adra2a/Gpm6a/Otof/Stx1a","Atp2b2/Cntnap1/Cdh2"
"CC","GO:0016528","sarcoplasm",0.0099529692641999,0.0158953725026907,0.0489372179624752,0.0855581969916975,"8/606","8/659","Itpr1/Fkbp1a/Nos1/Cacna2d1/Jph4/Cacnb1/Gsn/Akap6","Camk2g/Camk2b/Jph1/Spock1/Car4/Gstm7/Akap7/Pygm"
"CC","GO:0044292","dendrite terminus",0.0101267903051974,0.62563646791423,0.0491447176575754,0.95711939651561,"4/606","1/659","Map2/L1cam/Cdkl5/Grk3","Slc32a1"
